file,expected_class,predicted_class,predicted_confidence,expected_class_confidence,flag
external/inaturalist/cobra/246401642_439878365.jpg,cobra,depath-naya,0.2151,0.0042,mismatch
external/inaturalist/cobra/247875673_442794881.jpg,cobra,cobra,0.2743,0.2743,
external/inaturalist/cobra/248708169_444449556.jpg,cobra,kana-ulla,0.0707,0.0131,mismatch
external/inaturalist/cobra/248708169_444449578.jpg,cobra,mal-randanakaya,0.1061,0.0073,mismatch
external/inaturalist/cobra/250284509_447590272.jpg,cobra,depath-naya,0.1463,0.0581,mismatch
external/inaturalist/cobra/250284509_447590283.jpg,cobra,garandiya,0.1116,0.0416,mismatch
external/inaturalist/cobra/250284509_447590284.jpg,cobra,kuda-madilla,0.1465,0.0733,mismatch
external/inaturalist/cobra/250284509_447590303.jpg,cobra,kuda-madilla,0.1062,0.0363,mismatch
external/inaturalist/cobra/252274815_451571967.jpg,cobra,depath-naya,0.0837,0.0127,mismatch
external/inaturalist/cobra/253513898_453943361.jpg,cobra,kabara-dathkatiya,0.0901,0.0353,mismatch
external/inaturalist/cobra/254980668_456844711.jpg,cobra,palabariya,0.1510,0.0140,mismatch
external/inaturalist/cobra/255585140_458054286.jpg,cobra,pimbura,0.1093,0.0107,mismatch
external/inaturalist/cobra/255585140_458054298.jpg,cobra,pimbura,0.1970,0.0093,mismatch
external/inaturalist/cobra/255586853_458057396.jpg,cobra,pimbura,0.1057,0.0175,mismatch
external/inaturalist/cobra/256638370_460189553.jpg,cobra,kata-kaluwa,0.1727,0.1180,mismatch
external/inaturalist/cobra/259613648_466068179.jpg,cobra,kunakatuwa,0.2499,0.0060,mismatch
external/inaturalist/cobra/259613648_466068196.jpg,cobra,kunakatuwa,0.2220,0.0089,mismatch
external/inaturalist/cobra/259613648_466068214.jpg,cobra,kunakatuwa,0.3585,0.0059,mismatch
external/inaturalist/cobra/259613648_466068237.jpg,cobra,arani-dathkatiya,0.1745,0.1096,mismatch
external/inaturalist/cobra/259613648_466068261.jpg,cobra,arani-dathkatiya,0.1758,0.0354,mismatch
external/inaturalist/cobra/260147957_467130058.jpg,cobra,alu-randanakaya,0.4532,0.0048,mismatch
external/inaturalist/cobra/260327649_467490652.jpg,cobra,kata-kaluwa,0.0761,0.0153,mismatch
external/inaturalist/cobra/260327649_467490674.jpg,cobra,arani-dathkatiya,0.1524,0.0020,mismatch
external/inaturalist/cobra/260887527_468594409.jpg,cobra,cobra,0.1609,0.1609,
external/inaturalist/cobra/263913615_474196063.jpg,cobra,lanka-diyabariya,0.1398,0.0127,mismatch
external/inaturalist/cobra/263913615_474196076.jpg,cobra,pimbura,0.2096,0.0495,mismatch
external/inaturalist/cobra/263913615_474196077.jpg,cobra,thel-karawala,0.1003,0.0283,mismatch
external/inaturalist/cobra/263913615_474196107.jpg,cobra,lanka-diyabariya,0.2703,0.0023,mismatch
external/inaturalist/cobra/273031256_491158935.jpg,cobra,diyawaranaya,0.2190,0.0071,mismatch
external/inaturalist/cobra/280481346_503762973.jpg,cobra,kana-ulla,0.2213,0.0011,mismatch
external/inaturalist/cobra/285279356_512772375.jpg,cobra,depath-kaluwa,0.4602,0.0057,mismatch
external/inaturalist/cobra/285911317_514104580.jpg,cobra,kunu-diya-kaluwa,0.1980,0.0075,mismatch
external/inaturalist/cobra/311720566_562734477.jpg,cobra,mudu-karawala,0.2602,0.0566,mismatch
external/inaturalist/cobra/318804636_576223102.jpg,cobra,garandiya,0.3534,0.0023,mismatch
external/inaturalist/cobra/318804636_576223112.jpg,cobra,garandiya,0.2295,0.0044,mismatch
external/inaturalist/cobra/318804636_576223113.jpg,cobra,nidi-mapila,0.2032,0.0116,mismatch
external/inaturalist/cobra/324833813_588027608.jpg,cobra,thel-karawala,0.1946,0.0092,mismatch
external/inaturalist/cobra/324833813_588027640.jpg,cobra,daara-randanakaya,0.2926,0.0056,mismatch
external/inaturalist/cobra/325291753_588933268.jpg,cobra,depath-naya,0.2039,0.0107,mismatch
external/inaturalist/cobra/325450808_589254163.jpg,cobra,nidi-mapila,0.1597,0.0093,mismatch
external/inaturalist/cobra/325537119_589418676.jpg,cobra,kata-kaluwa,0.3413,0.0172,mismatch
external/inaturalist/cobra/326485415_591310597.jpg,cobra,aharakukka,0.2447,0.0030,mismatch
external/inaturalist/cobra/326485415_591310662.jpg,cobra,aharakukka,0.1558,0.0164,mismatch
external/inaturalist/cobra/328921487_596130078.jpg,cobra,thith-polanga,0.3476,0.0131,mismatch
external/inaturalist/cobra/328921487_598915982.jpg,cobra,aharakukka,0.1731,0.0124,mismatch
external/inaturalist/cobra/328921487_598915983.jpg,cobra,kata-kaluwa,0.3459,0.0034,mismatch
external/inaturalist/cobra/330226787_598765312.jpg,cobra,depath-naya,0.2339,0.0026,mismatch
external/inaturalist/cobra/334234317_606921626.jpg,cobra,diyawaranaya,0.1296,0.0065,mismatch
external/inaturalist/cobra/334234317_606921640.jpg,cobra,depath-naya,0.1837,0.0059,mismatch
external/inaturalist/cobra/334234317_606921649.jpg,cobra,diyawaranaya,0.3034,0.0074,mismatch
external/inaturalist/cobra/337819416_614198686.jpg,cobra,thuru-haldanda,0.2656,0.0086,mismatch
external/inaturalist/cobra/338213937_615009116.jpg,cobra,kuda-madilla,0.2679,0.0276,mismatch
external/inaturalist/cobra/339174964_616947931.jpg,cobra,garandiya,0.3303,0.0793,mismatch
external/inaturalist/cobra/339387508_617385330.jpg,cobra,cobra,0.1262,0.1262,low_confidence
external/inaturalist/cobra/339806569_618233859.jpg,cobra,cobra,0.2217,0.2217,
external/inaturalist/cobra/339806569_618233894.jpg,cobra,kabara-randanakaya,0.2892,0.2175,mismatch
external/inaturalist/cobra/339806569_618233916.jpg,cobra,mudu-karawala,0.1557,0.1228,mismatch
external/inaturalist/cobra/339806569_618233942.jpg,cobra,cobra,0.2062,0.2062,
external/inaturalist/cobra/340040450_618712848.jpg,cobra,kabara-randanakaya,0.2799,0.2569,mismatch
external/inaturalist/cobra/340040450_618712869.jpg,cobra,rana-mapila,0.1226,0.0472,mismatch
external/inaturalist/cobra/340040450_618712881.jpg,cobra,cobra,0.1714,0.1714,
external/inaturalist/cobra/340040450_618712906.jpg,cobra,cobra,0.3524,0.3524,
external/inaturalist/cobra/342604533_623934797.jpg,cobra,cobra,0.4204,0.4204,
external/inaturalist/cobra/342604533_623934893.jpg,cobra,mudu-karawala,0.2527,0.1622,mismatch
external/inaturalist/cobra/342604533_623935098.jpg,cobra,thel-karawala,0.2251,0.0761,mismatch
external/inaturalist/cobra/346955793_632532408.jpg,cobra,vayiri-dathkatiya,0.2048,0.0060,mismatch
external/inaturalist/cobra/346955793_632532421.jpg,cobra,thith-polanga,0.1057,0.0101,mismatch
external/inaturalist/cobra/348058223_634723468.jpg,cobra,kabara-randanakaya,0.2521,0.0999,mismatch
external/inaturalist/cobra/348058223_634723469.jpg,cobra,kabara-randanakaya,0.5251,0.0349,mismatch
external/inaturalist/cobra/348058223_634723471.jpg,cobra,kabara-randanakaya,0.4158,0.1278,mismatch
external/inaturalist/cobra/348058223_634723478.jpg,cobra,alu-randanakaya,0.1967,0.0309,mismatch
external/inaturalist/cobra/350291961_639112821.jpg,cobra,garandiya,0.3621,0.0706,mismatch
external/inaturalist/cobra/350778518_640065501.jpg,cobra,cobra,0.1419,0.1419,low_confidence
external/inaturalist/cobra/350778568_640066383.jpg,cobra,mudu-karawala,0.2273,0.0953,mismatch
external/inaturalist/cobra/354452231_646602823.jpg,cobra,nidi-mapila,0.1407,0.0281,mismatch
external/inaturalist/cobra/371269933_678298139.jpg,cobra,mal-randanakaya,0.2452,0.0270,mismatch
external/inaturalist/cobra/375468033_686407369.jpg,cobra,cobra,0.2993,0.2993,
external/inaturalist/cobra/386342607_707363847.jpg,cobra,cobra,0.4051,0.4051,
external/inaturalist/cobra/388117493_710792629.jpg,cobra,kata-kaluwa,0.3101,0.0011,mismatch
external/inaturalist/cobra/389309156_713096580.jpg,cobra,nidi-mapila,0.1461,0.0043,mismatch
external/inaturalist/daara-randanakaya/104964244_176000720.jpg,daara-randanakaya,kunakatuwa,0.3134,0.0204,mismatch
external/inaturalist/daara-randanakaya/104964244_176000724.jpg,daara-randanakaya,kunakatuwa,0.3134,0.0204,mismatch
external/inaturalist/daara-randanakaya/119369786_201781635.jpg,daara-randanakaya,kunakatuwa,0.6034,0.0045,mismatch
external/inaturalist/daara-randanakaya/12047179_17271367.jpg,daara-randanakaya,arani-dathkatiya,0.0982,0.0537,mismatch
external/inaturalist/daara-randanakaya/125597336_213005500.jpg,daara-randanakaya,daara-randanakaya,0.3565,0.3565,
external/inaturalist/daara-randanakaya/125597336_213008548.jpg,daara-randanakaya,panduru-haldanda,0.2026,0.0078,mismatch
external/inaturalist/daara-randanakaya/125597336_213008556.jpg,daara-randanakaya,lanka-diyabariya,0.1411,0.0462,mismatch
external/inaturalist/daara-randanakaya/150916734_260317576.jpg,daara-randanakaya,gata-randanakaya,0.2578,0.0678,mismatch
external/inaturalist/daara-randanakaya/154389361_266763896.jpg,daara-randanakaya,kunakatuwa,0.3993,0.0034,mismatch
external/inaturalist/daara-randanakaya/154389361_266763908.jpg,daara-randanakaya,mal-randanakaya,0.2045,0.0109,mismatch
external/inaturalist/daara-randanakaya/154389361_266763921.jpg,daara-randanakaya,arani-dathkatiya,0.2361,0.0740,mismatch
external/inaturalist/daara-randanakaya/154398811_266780556.jpg,daara-randanakaya,mudu-karawala,0.5143,0.0025,mismatch
external/inaturalist/daara-randanakaya/154475655_266918267.jpg,daara-randanakaya,dathi-gomaraya,0.1485,0.0212,mismatch
external/inaturalist/daara-randanakaya/182483306_318181062.jpg,daara-randanakaya,arani-dathkatiya,0.3667,0.0009,mismatch
external/inaturalist/daara-randanakaya/182817593_318826869.jpg,daara-randanakaya,daara-randanakaya,0.2246,0.2246,
external/inaturalist/daara-randanakaya/18494153_28283986.jpg,daara-randanakaya,kandukara-mukalan-thelissa,0.3370,0.0302,mismatch
external/inaturalist/daara-randanakaya/194288401_341477271.jpg,daara-randanakaya,daara-randanakaya,0.1691,0.1691,
external/inaturalist/daara-randanakaya/19612405_30196147.jpg,daara-randanakaya,daara-randanakaya,0.2903,0.2903,
external/inaturalist/daara-randanakaya/199059183_350973192.jpg,daara-randanakaya,diyawaranaya,0.1639,0.0066,mismatch
external/inaturalist/daara-randanakaya/203354436_359277478.jpg,daara-randanakaya,pala-polanga,0.1547,0.0211,mismatch
external/inaturalist/daara-randanakaya/206790135_365704301.jpg,daara-randanakaya,lanka-diyabariya,0.1078,0.0100,mismatch
external/inaturalist/daara-randanakaya/21418536_33137219.jpg,daara-randanakaya,daara-randanakaya,0.4012,0.4012,
external/inaturalist/daara-randanakaya/223008219_395094839.jpg,daara-randanakaya,arani-dathkatiya,0.0903,0.0408,mismatch
external/inaturalist/daara-randanakaya/224596209_398090670.jpg,daara-randanakaya,thel-karawala,0.4302,0.0779,mismatch
external/inaturalist/daara-randanakaya/252259708_451542296.jpg,daara-randanakaya,mal-randanakaya,0.2301,0.0051,mismatch
external/inaturalist/daara-randanakaya/256463513_459833669.jpg,daara-randanakaya,daara-randanakaya,0.3248,0.3248,
external/inaturalist/daara-randanakaya/259437610_465716760.jpg,daara-randanakaya,diyawaranaya,0.1466,0.0813,mismatch
external/inaturalist/daara-randanakaya/259437610_465716761.jpg,daara-randanakaya,kuda-madilla,0.2344,0.0252,mismatch
external/inaturalist/daara-randanakaya/267709504_481130777.jpg,daara-randanakaya,diyawaranaya,0.1419,0.0829,mismatch
external/inaturalist/daara-randanakaya/268914519_483434439.jpg,daara-randanakaya,pala-polanga,0.2917,0.0609,mismatch
external/inaturalist/daara-randanakaya/290347397_522308488.jpg,daara-randanakaya,daara-randanakaya,0.5942,0.5942,
external/inaturalist/daara-randanakaya/290619522_522823786.jpg,daara-randanakaya,lanka-diyabariya,0.2149,0.1948,mismatch
external/inaturalist/daara-randanakaya/301874528_544002114.jpg,daara-randanakaya,thuru-haldanda,0.1733,0.0022,mismatch
external/inaturalist/daara-randanakaya/301874528_544002166.jpg,daara-randanakaya,kuda-madilla,0.1476,0.0321,mismatch
external/inaturalist/daara-randanakaya/301874528_548403623.jpg,daara-randanakaya,kunakatuwa,0.1056,0.0019,mismatch
external/inaturalist/daara-randanakaya/301874528_548403654.jpg,daara-randanakaya,mudu-karawala,0.1115,0.0319,mismatch
external/inaturalist/daara-randanakaya/301874528_548403686.jpg,daara-randanakaya,diyawaranaya,0.0734,0.0083,mismatch
external/inaturalist/daara-randanakaya/311866340_563009529.jpg,daara-randanakaya,daara-randanakaya,0.8865,0.8865,
external/inaturalist/daara-randanakaya/328683536_595649670.jpg,daara-randanakaya,palabariya,0.1444,0.0552,mismatch
external/inaturalist/daara-randanakaya/328782720_595850415.jpg,daara-randanakaya,garandiya,0.3573,0.0181,mismatch
external/inaturalist/daara-randanakaya/334508094_607480948.jpg,daara-randanakaya,pimbura,0.1540,0.0112,mismatch
external/inaturalist/daara-randanakaya/339807491_618235134.jpg,daara-randanakaya,mudu-karawala,0.2779,0.0317,mismatch
external/inaturalist/daara-randanakaya/339807491_618235177.jpg,daara-randanakaya,mudu-karawala,0.1974,0.0159,mismatch
external/inaturalist/daara-randanakaya/339807491_618235203.jpg,daara-randanakaya,daara-randanakaya,0.7392,0.7392,
external/inaturalist/daara-randanakaya/342947656_624596359.jpg,daara-randanakaya,depath-naya,0.3696,0.1221,mismatch
external/inaturalist/daara-randanakaya/342947656_624596382.jpg,daara-randanakaya,daara-randanakaya,0.2923,0.2923,
external/inaturalist/daara-randanakaya/345612761_629880425.jpg,daara-randanakaya,panduru-mapila,0.2589,0.1972,mismatch
external/inaturalist/daara-randanakaya/345612761_629880433.jpg,daara-randanakaya,daara-randanakaya,0.1991,0.1991,
external/inaturalist/daara-randanakaya/345612761_629880492.jpg,daara-randanakaya,diyawaranaya,0.1967,0.0561,mismatch
external/inaturalist/daara-randanakaya/345612761_629880561.jpg,daara-randanakaya,aharakukka,0.2062,0.0162,mismatch
external/inaturalist/daara-randanakaya/345861767_630371461.jpg,daara-randanakaya,daara-randanakaya,0.2793,0.2793,
external/inaturalist/daara-randanakaya/348065758_634736731.jpg,daara-randanakaya,daara-randanakaya,0.7664,0.7664,
external/inaturalist/daara-randanakaya/349477956_637522160.jpg,daara-randanakaya,diyawaranaya,0.2140,0.1878,mismatch
external/inaturalist/daara-randanakaya/349477956_637522162.jpg,daara-randanakaya,daara-randanakaya,0.1975,0.1975,
external/inaturalist/daara-randanakaya/350292072_639109243.jpg,daara-randanakaya,daara-randanakaya,0.2223,0.2223,
external/inaturalist/daara-randanakaya/350778566_640066349.jpg,daara-randanakaya,garandiya,0.1667,0.0172,mismatch
external/inaturalist/daara-randanakaya/363597148_663723754.jpg,daara-randanakaya,kata-kaluwa,0.2412,0.0029,mismatch
external/inaturalist/daara-randanakaya/363984874_664441139.jpg,daara-randanakaya,daara-randanakaya,0.8425,0.8425,
external/inaturalist/daara-randanakaya/36517116_57734661.jpg,daara-randanakaya,thuru-haldanda,0.0745,0.0028,mismatch
external/inaturalist/daara-randanakaya/367023989_670228709.jpg,daara-randanakaya,gata-randanakaya,0.2602,0.1751,mismatch
external/inaturalist/daara-randanakaya/40170635_63809348.jpg,daara-randanakaya,daara-randanakaya,0.2627,0.2627,
external/inaturalist/daara-randanakaya/42121630_66859712.jpg,daara-randanakaya,mudu-karawala,0.1961,0.0296,mismatch
external/inaturalist/daara-randanakaya/45132342_71555148.jpg,daara-randanakaya,daara-randanakaya,0.4625,0.4625,
external/inaturalist/daara-randanakaya/62174000_99584267.jpg,daara-randanakaya,daara-randanakaya,0.2375,0.2375,
external/inaturalist/daara-randanakaya/6882180_8777365.jpg,daara-randanakaya,daara-randanakaya,0.6330,0.6330,
external/inaturalist/daara-randanakaya/96573024_160459811.jpg,daara-randanakaya,daara-randanakaya,0.9331,0.9331,
external/inaturalist/daara-randanakaya/96573024_160460150.jpg,daara-randanakaya,daara-randanakaya,0.2302,0.2302,
external/inaturalist/daara-randanakaya/96573024_160460169.jpg,daara-randanakaya,thel-karawala,0.5061,0.1504,mismatch
external/inaturalist/diyabariya/334598455_607667253.jpg,diyabariya,depath-naya,0.8355,0.0089,mismatch
external/inaturalist/diyabariya/335207500_608908885.jpg,diyabariya,kata-kaluwa,0.1655,0.0187,mismatch
external/inaturalist/diyabariya/336904898_612328886.jpg,diyabariya,mudu-karawala,0.4796,0.0083,mismatch
external/inaturalist/diyabariya/337264597_613056791.jpg,diyabariya,kata-kaluwa,0.2873,0.0026,mismatch
external/inaturalist/diyabariya/337264598_613056806.jpg,diyabariya,depath-naya,0.3345,0.1337,mismatch
external/inaturalist/diyabariya/337264598_613056814.jpg,diyabariya,mudu-karawala,0.1808,0.0090,mismatch
external/inaturalist/diyabariya/337264598_613056815.jpg,diyabariya,lanka-diyabariya,0.2227,0.0015,mismatch
external/inaturalist/diyabariya/337264598_613056834.jpg,diyabariya,diyabariya,0.2427,0.2427,
external/inaturalist/diyabariya/337774997_614112152.jpg,diyabariya,palabariya,0.1150,0.0867,mismatch
external/inaturalist/diyabariya/338174863_614930641.jpg,diyabariya,depath-naya,0.3492,0.0907,mismatch
external/inaturalist/diyabariya/338192468_614963862.jpg,diyabariya,kata-kaluwa,0.1022,0.0352,mismatch
external/inaturalist/diyabariya/339322937_617253045.jpg,diyabariya,kabara-randanakaya,0.4969,0.0020,mismatch
external/inaturalist/diyabariya/339405386_617422375.jpg,diyabariya,kandukara-mukalan-thelissa,0.2351,0.0480,mismatch
external/inaturalist/diyabariya/339524721_617664558.jpg,diyabariya,vayiri-dathkatiya,0.1329,0.0018,mismatch
external/inaturalist/diyabariya/340137295_618917904.jpg,diyabariya,kata-kaluwa,0.2475,0.0337,mismatch
external/inaturalist/diyabariya/341499845_621683669.jpg,diyabariya,alu-randanakaya,0.2790,0.0032,mismatch
external/inaturalist/diyabariya/341499845_621683671.jpg,diyabariya,alu-randanakaya,0.2376,0.0033,mismatch
external/inaturalist/diyabariya/341499845_621683674.jpg,diyabariya,alu-randanakaya,0.2624,0.0008,mismatch
external/inaturalist/diyabariya/341499845_621683935.jpg,diyabariya,garandiya,0.2055,0.0014,mismatch
external/inaturalist/diyabariya/341499845_621683968.jpg,diyabariya,lanka-diyabariya,0.1792,0.0009,mismatch
external/inaturalist/diyabariya/341499845_621684002.jpg,diyabariya,lanka-diyabariya,0.1523,0.0016,mismatch
external/inaturalist/diyabariya/341499870_621684396.jpg,diyabariya,depath-kaluwa,0.3785,0.0015,mismatch
external/inaturalist/diyabariya/341499870_621684415.jpg,diyabariya,mudu-karawala,0.2761,0.0014,mismatch
external/inaturalist/diyabariya/341499870_621684454.jpg,diyabariya,rana-mapila,0.1668,0.0070,mismatch
external/inaturalist/diyabariya/341505663_621709182.jpg,diyabariya,kata-kaluwa,0.3425,0.0062,mismatch
external/inaturalist/diyabariya/342073420_622860202.jpg,diyabariya,kabara-randanakaya,0.1894,0.0010,mismatch
external/inaturalist/diyabariya/342073420_622860242.jpg,diyabariya,kabara-randanakaya,0.2506,0.0017,mismatch
external/inaturalist/diyabariya/342073420_622860284.jpg,diyabariya,kandukara-mukalan-thelissa,0.2367,0.0006,mismatch
external/inaturalist/diyabariya/342073420_622860331.jpg,diyabariya,kabara-randanakaya,0.2500,0.0024,mismatch
external/inaturalist/diyabariya/342073420_622860381.jpg,diyabariya,kabara-randanakaya,0.2642,0.0043,mismatch
external/inaturalist/diyabariya/342073420_622860411.jpg,diyabariya,thel-karawala,0.2512,0.0026,mismatch
external/inaturalist/diyabariya/342073420_622860439.jpg,diyabariya,kabara-randanakaya,0.2529,0.0016,mismatch
external/inaturalist/diyabariya/342432755_623582404.jpg,diyabariya,depath-naya,0.2219,0.0027,mismatch
external/inaturalist/diyabariya/342432755_623583053.jpg,diyabariya,depath-naya,0.1767,0.0085,mismatch
external/inaturalist/diyabariya/342432755_623583059.jpg,diyabariya,kandukara-mukalan-thelissa,0.1803,0.0131,mismatch
external/inaturalist/diyabariya/342432755_623583063.jpg,diyabariya,depath-naya,0.1656,0.0517,mismatch
external/inaturalist/diyabariya/342432755_623583777.jpg,diyabariya,depath-naya,0.2898,0.0052,mismatch
external/inaturalist/diyabariya/342432755_623583790.jpg,diyabariya,depath-naya,0.4369,0.0330,mismatch
external/inaturalist/diyabariya/342432755_623583794.jpg,diyabariya,lanka-diyabariya,0.1011,0.0487,mismatch
external/inaturalist/diyabariya/342432755_623584277.jpg,diyabariya,kandukara-mukalan-thelissa,0.2242,0.0015,mismatch
external/inaturalist/diyabariya/342432755_623584383.jpg,diyabariya,depath-naya,0.3991,0.0414,mismatch
external/inaturalist/diyabariya/342432755_623584409.jpg,diyabariya,depath-naya,0.1399,0.0022,mismatch
external/inaturalist/diyabariya/342834172_624379616.jpg,diyabariya,kuda-madilla,0.1842,0.0025,mismatch
external/inaturalist/diyabariya/342834172_624379658.jpg,diyabariya,garandiya,0.3167,0.0066,mismatch
external/inaturalist/diyabariya/342909702_624533057.jpg,diyabariya,mudu-karawala,0.1239,0.0276,mismatch
external/inaturalist/diyabariya/342909702_624534115.jpg,diyabariya,alu-randanakaya,0.1661,0.0162,mismatch
external/inaturalist/diyabariya/343313888_625351538.jpg,diyabariya,mudu-karawala,0.0905,0.0075,mismatch
external/inaturalist/diyabariya/343458120_625647377.jpg,diyabariya,depath-naya,0.1282,0.0168,mismatch
external/inaturalist/diyabariya/343458120_625647452.jpg,diyabariya,lanka-diyabariya,0.1542,0.0606,mismatch
external/inaturalist/diyabariya/343458120_625647521.jpg,diyabariya,alu-randanakaya,0.2169,0.0648,mismatch
external/inaturalist/diyabariya/343458120_625647537.jpg,diyabariya,kata-kaluwa,0.1595,0.0128,mismatch
external/inaturalist/diyabariya/344693770_628082316.jpg,diyabariya,dathi-gomaraya,0.1292,0.0515,mismatch
external/inaturalist/diyabariya/344693770_628082318.jpg,diyabariya,kabara-randanakaya,0.2508,0.0368,mismatch
external/inaturalist/diyabariya/344693770_628082319.jpg,diyabariya,lanka-diyabariya,0.1200,0.0572,mismatch
external/inaturalist/diyabariya/345222640_629112060.jpg,diyabariya,palabariya,0.1693,0.0493,mismatch
external/inaturalist/diyabariya/346713508_632050040.jpg,diyabariya,depath-naya,0.4048,0.0010,mismatch
external/inaturalist/diyabariya/354217640_646226536.jpg,diyabariya,mal-randanakaya,0.4388,0.0127,mismatch
external/inaturalist/diyabariya/355305277_648024867.jpg,diyabariya,lanka-diyabariya,0.1406,0.0167,mismatch
external/inaturalist/diyabariya/357730854_652501376.jpg,diyabariya,depath-kaluwa,0.2020,0.0121,mismatch
external/inaturalist/diyabariya/358157701_653330744.jpg,diyabariya,lanka-diyabariya,0.3232,0.0120,mismatch
external/inaturalist/diyabariya/361055723_658897335.jpg,diyabariya,pala-polanga,0.1105,0.0074,mismatch
external/inaturalist/diyabariya/362459480_661550064.jpg,diyabariya,gata-randanakaya,0.2102,0.0006,mismatch
external/inaturalist/diyabariya/362459480_661550132.jpg,diyabariya,gata-randanakaya,0.1119,0.0020,mismatch
external/inaturalist/diyabariya/362459480_661550216.jpg,diyabariya,mudu-karawala,0.3549,0.0005,mismatch
external/inaturalist/diyabariya/364627792_665662536.jpg,diyabariya,kunakatuwa,0.2278,0.0488,mismatch
external/inaturalist/diyabariya/364627792_665662537.jpg,diyabariya,kunakatuwa,0.1755,0.0028,mismatch
external/inaturalist/diyabariya/364627792_665662552.jpg,diyabariya,kandukara-mukalan-thelissa,0.4670,0.0034,mismatch
external/inaturalist/diyabariya/368313659_672699407.jpg,diyabariya,kandukara-mukalan-thelissa,0.1896,0.0367,mismatch
external/inaturalist/diyabariya/373950102_683446703.jpg,diyabariya,kandukara-mukalan-thelissa,0.1399,0.0486,mismatch
external/inaturalist/diyabariya/373950102_683446720.jpg,diyabariya,kandukara-mukalan-thelissa,0.2964,0.0014,mismatch
external/inaturalist/diyabariya/373950169_683447251.jpg,diyabariya,depath-naya,0.2770,0.0290,mismatch
external/inaturalist/diyabariya/373950169_683447301.jpg,diyabariya,depath-naya,0.4526,0.0070,mismatch
external/inaturalist/diyabariya/374666793_684834143.jpg,diyabariya,mal-sara,0.1119,0.0149,mismatch
external/inaturalist/diyabariya/380579585_696278170.jpg,diyabariya,mudu-karawala,0.3078,0.0018,mismatch
external/inaturalist/diyabariya/381649748_698352842.jpg,diyabariya,kandukara-mukalan-thelissa,0.1305,0.0106,mismatch
external/inaturalist/diyabariya/381649748_698352970.jpg,diyabariya,lanka-diyabariya,0.2765,0.0530,mismatch
external/inaturalist/diyabariya/381649748_698353039.jpg,diyabariya,lanka-diyabariya,0.2505,0.0654,mismatch
external/inaturalist/diyabariya/385301307_705362661.jpg,diyabariya,mudu-karawala,0.1276,0.0675,mismatch
external/inaturalist/diyabariya/388132295_710823059.jpg,diyabariya,depath-naya,0.1502,0.0126,mismatch
external/inaturalist/diyabariya/388132295_710823105.jpg,diyabariya,kabara-randanakaya,0.2325,0.0477,mismatch
external/inaturalist/garandiya/336078983_610655641.jpg,garandiya,nidi-mapila,0.2748,0.1269,mismatch
external/inaturalist/garandiya/337264614_613056923.jpg,garandiya,dalawa-madilla,0.1452,0.0390,mismatch
external/inaturalist/garandiya/337264614_613056936.jpg,garandiya,pimbura,0.1351,0.1282,mismatch
external/inaturalist/garandiya/339002094_617077596.jpg,garandiya,aharakukka,0.1769,0.0468,mismatch
external/inaturalist/garandiya/339002094_617077652.jpg,garandiya,diyawaranaya,0.2113,0.0903,mismatch
external/inaturalist/garandiya/339002094_617077708.jpg,garandiya,palabariya,0.2363,0.1072,mismatch
external/inaturalist/garandiya/339002094_617077755.jpg,garandiya,garandiya,0.2283,0.2283,
external/inaturalist/garandiya/339002094_617077828.jpg,garandiya,depath-naya,0.1404,0.0446,mismatch
external/inaturalist/garandiya/340255810_619160046.jpg,garandiya,diyawaranaya,0.1381,0.1012,mismatch
external/inaturalist/garandiya/340298860_619241419.jpg,garandiya,nidi-mapila,0.1949,0.0402,mismatch
external/inaturalist/garandiya/341061661_620795347.jpg,garandiya,aharakukka,0.1373,0.0062,mismatch
external/inaturalist/garandiya/341061661_620796660.jpg,garandiya,aharakukka,0.0989,0.0281,mismatch
external/inaturalist/garandiya/341061661_620796662.jpg,garandiya,lanka-diyabariya,0.1803,0.0113,mismatch
external/inaturalist/garandiya/341502700_621702787.jpg,garandiya,panduru-haldanda,0.1494,0.1041,mismatch
external/inaturalist/garandiya/341502700_621702810.jpg,garandiya,mal-sara,0.1454,0.0099,mismatch
external/inaturalist/garandiya/341502700_621702832.jpg,garandiya,panduru-haldanda,0.0942,0.0262,mismatch
external/inaturalist/garandiya/341502700_621702835.jpg,garandiya,diyawaranaya,0.1143,0.0100,mismatch
external/inaturalist/garandiya/341505556_621708335.jpg,garandiya,garandiya,0.7612,0.7612,
external/inaturalist/garandiya/341505556_621710294.jpg,garandiya,garandiya,0.3049,0.3049,
external/inaturalist/garandiya/341505600_621708762.jpg,garandiya,garandiya,0.3802,0.3802,
external/inaturalist/garandiya/341505600_621708766.jpg,garandiya,garandiya,0.3960,0.3960,
external/inaturalist/garandiya/342709017_624131595.jpg,garandiya,thith-polanga,0.3063,0.0095,mismatch
external/inaturalist/garandiya/343778488_626295338.jpg,garandiya,garandiya,0.2125,0.2125,
external/inaturalist/garandiya/343778488_626295354.jpg,garandiya,kunu-diya-kaluwa,0.1196,0.1065,mismatch
external/inaturalist/garandiya/344630218_627962889.jpg,garandiya,kata-kaluwa,0.2203,0.0609,mismatch
external/inaturalist/garandiya/345449212_629559679.jpg,garandiya,thith-polanga,0.1328,0.0175,mismatch
external/inaturalist/garandiya/345449212_629559683.jpg,garandiya,depath-naya,0.2834,0.0074,mismatch
external/inaturalist/garandiya/345449212_629559689.jpg,garandiya,kaha-mapila,0.0986,0.0112,mismatch
external/inaturalist/garandiya/346104303_630844350.jpg,garandiya,mal-sara,0.1047,0.0339,mismatch
external/inaturalist/garandiya/347194632_633549571.jpg,garandiya,kunakatuwa,0.1719,0.0230,mismatch
external/inaturalist/garandiya/353379439_644819512.jpg,garandiya,alu-randanakaya,0.8155,0.0022,mismatch
external/inaturalist/garandiya/353379439_644820704.jpg,garandiya,pimbura,0.1809,0.1241,mismatch
external/inaturalist/garandiya/354436792_646578916.jpg,garandiya,kabara-randanakaya,0.2035,0.1885,mismatch
external/inaturalist/garandiya/355308671_648030240.jpg,garandiya,garandiya,0.2724,0.2724,
external/inaturalist/garandiya/355985017_649182185.jpg,garandiya,garandiya,0.7792,0.7792,
external/inaturalist/garandiya/356029295_649256588.jpg,garandiya,panduru-haldanda,0.1753,0.0128,mismatch
external/inaturalist/garandiya/356029295_649256607.jpg,garandiya,diyawaranaya,0.1695,0.0595,mismatch
external/inaturalist/garandiya/356166877_649507435.jpg,garandiya,panduru-haldanda,0.2489,0.0941,mismatch
external/inaturalist/garandiya/356477132_650086797.jpg,garandiya,thuru-haldanda,0.2944,0.0581,mismatch
external/inaturalist/garandiya/357163493_651395448.jpg,garandiya,aharakukka,0.1955,0.0863,mismatch
external/inaturalist/garandiya/357562862_652176138.jpg,garandiya,cobra,0.1196,0.0609,mismatch
external/inaturalist/garandiya/359246045_655427057.jpg,garandiya,garandiya,0.6184,0.6184,
external/inaturalist/garandiya/359246045_655427061.jpg,garandiya,vayiri-dathkatiya,0.2692,0.0173,mismatch
external/inaturalist/garandiya/359246045_655427067.jpg,garandiya,vayiri-dathkatiya,0.1401,0.1358,mismatch
external/inaturalist/garandiya/359739450_656386442.jpg,garandiya,garandiya,0.2748,0.2748,
external/inaturalist/garandiya/359739450_656386446.jpg,garandiya,garandiya,0.3833,0.3833,
external/inaturalist/garandiya/359739450_656386448.jpg,garandiya,panduru-haldanda,0.2219,0.1371,mismatch
external/inaturalist/garandiya/359739450_656386492.jpg,garandiya,thuru-haldanda,0.1678,0.0738,mismatch
external/inaturalist/garandiya/359739450_656386524.jpg,garandiya,garandiya,0.2380,0.2380,
external/inaturalist/garandiya/361350819_659459994.jpg,garandiya,daara-randanakaya,0.1598,0.0017,mismatch
external/inaturalist/garandiya/363418750_663377630.jpg,garandiya,depath-naya,0.0624,0.0328,mismatch
external/inaturalist/garandiya/363603457_663734942.jpg,garandiya,lanka-diyabariya,0.1458,0.0790,mismatch
external/inaturalist/garandiya/363603457_663734981.jpg,garandiya,depath-naya,0.4471,0.0085,mismatch
external/inaturalist/garandiya/366905918_669994558.jpg,garandiya,diyawaranaya,0.1835,0.0271,mismatch
external/inaturalist/garandiya/372861972_681375736.jpg,garandiya,kuda-madilla,0.2167,0.0117,mismatch
external/inaturalist/garandiya/373909946_683381437.jpg,garandiya,thuru-haldanda,0.2004,0.1441,mismatch
external/inaturalist/garandiya/373909946_683381546.jpg,garandiya,mal-sara,0.1445,0.0583,mismatch
external/inaturalist/garandiya/375549005_686550919.jpg,garandiya,pimbura,0.1800,0.0082,mismatch
external/inaturalist/garandiya/375549005_686550931.jpg,garandiya,kunakatuwa,0.1777,0.0102,mismatch
external/inaturalist/garandiya/375549005_686550946.jpg,garandiya,kata-kaluwa,0.1735,0.0177,mismatch
external/inaturalist/garandiya/375549007_686551679.jpg,garandiya,diyawaranaya,0.3616,0.0166,mismatch
external/inaturalist/garandiya/375549007_686551685.jpg,garandiya,kana-ulla,0.1416,0.1025,mismatch
external/inaturalist/garandiya/375549007_686551688.jpg,garandiya,garandiya,0.2542,0.2542,
external/inaturalist/garandiya/375549007_686551726.jpg,garandiya,diyawaranaya,0.2358,0.0120,mismatch
external/inaturalist/garandiya/375549007_686551737.jpg,garandiya,lanka-diyabariya,0.1722,0.0099,mismatch
external/inaturalist/garandiya/375549007_686551749.jpg,garandiya,dathi-gomaraya,0.4971,0.0032,mismatch
external/inaturalist/garandiya/375549007_686551809.jpg,garandiya,dalawa-madilla,0.1166,0.0535,mismatch
external/inaturalist/garandiya/375549007_686551823.jpg,garandiya,garandiya,0.1070,0.1070,low_confidence
external/inaturalist/garandiya/375549007_686551828.jpg,garandiya,kata-kaluwa,0.2959,0.0060,mismatch
external/inaturalist/garandiya/375549007_686551833.jpg,garandiya,kata-kaluwa,0.1867,0.0338,mismatch
external/inaturalist/garandiya/375549012_686552455.jpg,garandiya,kata-kaluwa,0.1841,0.0470,mismatch
external/inaturalist/garandiya/376550325_688491580.jpg,garandiya,mal-sara,0.1238,0.0364,mismatch
external/inaturalist/garandiya/376775276_688930456.jpg,garandiya,alu-randanakaya,0.2012,0.1927,mismatch
external/inaturalist/garandiya/378663804_692575160.jpg,garandiya,thuru-haldanda,0.2305,0.1801,mismatch
external/inaturalist/garandiya/379576840_694332093.jpg,garandiya,diyawaranaya,0.2159,0.0614,mismatch
external/inaturalist/garandiya/379576840_694332094.jpg,garandiya,diyawaranaya,0.1737,0.0285,mismatch
external/inaturalist/garandiya/379576840_694332101.jpg,garandiya,diyawaranaya,0.1428,0.0867,mismatch
external/inaturalist/garandiya/379576840_694332132.jpg,garandiya,lanka-diyabariya,0.1420,0.0617,mismatch
external/inaturalist/garandiya/387832156_710228280.jpg,garandiya,pimbura,0.2484,0.0108,mismatch
external/inaturalist/garandiya/387832156_710229834.jpg,garandiya,depath-naya,0.4527,0.0204,mismatch
external/inaturalist/kunakatuwa/326179906_590707173.jpg,kunakatuwa,kunakatuwa,0.1697,0.1697,
external/inaturalist/kunakatuwa/327481398_593300939.jpg,kunakatuwa,garandiya,0.1354,0.0014,mismatch
external/inaturalist/kunakatuwa/327481398_593481540.jpg,kunakatuwa,pimbura,0.1342,0.0853,mismatch
external/inaturalist/kunakatuwa/327481398_593481561.jpg,kunakatuwa,kandukara-mukalan-thelissa,0.1737,0.0055,mismatch
external/inaturalist/kunakatuwa/327861342_594024930.jpg,kunakatuwa,daara-randanakaya,0.2327,0.0873,mismatch
external/inaturalist/kunakatuwa/327861342_594024966.jpg,kunakatuwa,lanka-diyabariya,0.1077,0.0335,mismatch
external/inaturalist/kunakatuwa/327861344_594025019.jpg,kunakatuwa,kuda-madilla,0.2622,0.0225,mismatch
external/inaturalist/kunakatuwa/327861344_594025042.jpg,kunakatuwa,lanka-diyabariya,0.1327,0.0125,mismatch
external/inaturalist/kunakatuwa/327861344_594025045.jpg,kunakatuwa,depath-naya,0.2159,0.0669,mismatch
external/inaturalist/kunakatuwa/327861345_594025060.jpg,kunakatuwa,kata-kaluwa,0.3089,0.0266,mismatch
external/inaturalist/kunakatuwa/328864019_595995663.jpg,kunakatuwa,lanka-diyabariya,0.3565,0.0035,mismatch
external/inaturalist/kunakatuwa/328864019_595996242.jpg,kunakatuwa,kuda-madilla,0.4951,0.0219,mismatch
external/inaturalist/kunakatuwa/328880713_596049195.jpg,kunakatuwa,kandukara-mukalan-thelissa,0.3552,0.0740,mismatch
external/inaturalist/kunakatuwa/329051396_596390422.jpg,kunakatuwa,panduru-haldanda,0.1127,0.0147,mismatch
external/inaturalist/kunakatuwa/329544414_597380102.jpg,kunakatuwa,vayiri-dathkatiya,0.1522,0.0229,mismatch
external/inaturalist/kunakatuwa/329725570_597744052.jpg,kunakatuwa,kaha-mapila,0.1949,0.0039,mismatch
external/inaturalist/kunakatuwa/330342016_598998641.jpg,kunakatuwa,garandiya,0.1608,0.0543,mismatch
external/inaturalist/kunakatuwa/330376688_599072222.jpg,kunakatuwa,dathi-gomaraya,0.1899,0.0321,mismatch
external/inaturalist/kunakatuwa/330376688_599072223.jpg,kunakatuwa,dathi-gomaraya,0.1669,0.0226,mismatch
external/inaturalist/kunakatuwa/330547858_599425437.jpg,kunakatuwa,pimbura,0.1097,0.0870,mismatch
external/inaturalist/kunakatuwa/330547858_599425477.jpg,kunakatuwa,kunakatuwa,0.1362,0.1362,low_confidence
external/inaturalist/kunakatuwa/330805382_599955002.jpg,kunakatuwa,pimbura,0.1723,0.0278,mismatch
external/inaturalist/kunakatuwa/331941440_602289242.jpg,kunakatuwa,arani-dathkatiya,0.1403,0.0317,mismatch
external/inaturalist/kunakatuwa/332405830_603243905.jpg,kunakatuwa,kandukara-mukalan-thelissa,0.6668,0.0049,mismatch
external/inaturalist/kunakatuwa/332405830_603245541.jpg,kunakatuwa,nidi-mapila,0.3163,0.0394,mismatch
external/inaturalist/kunakatuwa/333356722_605189393.jpg,kunakatuwa,kabara-randanakaya,0.2375,0.0124,mismatch
external/inaturalist/kunakatuwa/335317116_609127289.jpg,kunakatuwa,panduru-mapila,0.0878,0.0089,mismatch
external/inaturalist/kunakatuwa/335317116_609127333.jpg,kunakatuwa,kabara-dathkatiya,0.1461,0.0112,mismatch
external/inaturalist/kunakatuwa/335317116_609127370.jpg,kunakatuwa,rana-mapila,0.1530,0.0048,mismatch
external/inaturalist/kunakatuwa/338327949_615244079.jpg,kunakatuwa,rana-mapila,0.2306,0.0333,mismatch
external/inaturalist/kunakatuwa/338327949_615244225.jpg,kunakatuwa,pulli-dathkatiya,0.4168,0.0047,mismatch
external/inaturalist/kunakatuwa/340213717_619074485.jpg,kunakatuwa,pimbura,0.1877,0.1167,mismatch
external/inaturalist/kunakatuwa/342058597_622830856.jpg,kunakatuwa,garandiya,0.2198,0.0059,mismatch
external/inaturalist/kunakatuwa/342058597_622830877.jpg,kunakatuwa,thith-polanga,0.1126,0.0094,mismatch
external/inaturalist/kunakatuwa/342884113_624483742.jpg,kunakatuwa,nidi-mapila,0.2759,0.1135,mismatch
external/inaturalist/kunakatuwa/343601191_625940500.jpg,kunakatuwa,depath-naya,0.8436,0.0037,mismatch
external/inaturalist/kunakatuwa/343603386_625945493.jpg,kunakatuwa,nidi-mapila,0.1935,0.0055,mismatch
external/inaturalist/kunakatuwa/343603386_625945511.jpg,kunakatuwa,nidi-mapila,0.2337,0.0531,mismatch
external/inaturalist/kunakatuwa/345051851_628774018.jpg,kunakatuwa,kunakatuwa,0.1568,0.1568,
external/inaturalist/kunakatuwa/345051851_629431442.jpg,kunakatuwa,kunakatuwa,0.1091,0.1091,low_confidence
external/inaturalist/kunakatuwa/345051851_629431466.jpg,kunakatuwa,thel-karawala,0.2784,0.0062,mismatch
external/inaturalist/kunakatuwa/345051851_629431488.jpg,kunakatuwa,thel-karawala,0.1675,0.0065,mismatch
external/inaturalist/kunakatuwa/345612750_629878160.jpg,kunakatuwa,arani-dathkatiya,0.3918,0.0076,mismatch
external/inaturalist/kunakatuwa/345612754_629879613.jpg,kunakatuwa,kunakatuwa,0.4071,0.4071,
external/inaturalist/kunakatuwa/345612754_629879655.jpg,kunakatuwa,panduru-mapila,0.1891,0.0156,mismatch
external/inaturalist/kunakatuwa/345612754_629879799.jpg,kunakatuwa,kandukara-mukalan-thelissa,0.4654,0.0780,mismatch
external/inaturalist/kunakatuwa/348061689_634729375.jpg,kunakatuwa,kandukara-mukalan-thelissa,0.1919,0.0096,mismatch
external/inaturalist/kunakatuwa/348061689_634729377.jpg,kunakatuwa,kandukara-mukalan-thelissa,0.3826,0.0134,mismatch
external/inaturalist/kunakatuwa/348062313_634730707.jpg,kunakatuwa,kandukara-mukalan-thelissa,0.6732,0.0080,mismatch
external/inaturalist/kunakatuwa/348062313_634730770.jpg,kunakatuwa,kandukara-mukalan-thelissa,0.1892,0.0276,mismatch
external/inaturalist/kunakatuwa/348066957_634739304.jpg,kunakatuwa,kandukara-mukalan-thelissa,0.6020,0.0115,mismatch
external/inaturalist/kunakatuwa/348067389_634740201.jpg,kunakatuwa,kandukara-mukalan-thelissa,0.3162,0.0399,mismatch
external/inaturalist/kunakatuwa/348067389_634740203.jpg,kunakatuwa,kandukara-mukalan-thelissa,0.5850,0.1253,mismatch
external/inaturalist/kunakatuwa/348732226_636058329.jpg,kunakatuwa,kandukara-mukalan-thelissa,0.8863,0.0005,mismatch
external/inaturalist/kunakatuwa/348732226_636058377.jpg,kunakatuwa,kandukara-mukalan-thelissa,0.9679,0.0002,mismatch
external/inaturalist/kunakatuwa/349518856_637604982.jpg,kunakatuwa,kandukara-mukalan-thelissa,0.3768,0.0202,mismatch
external/inaturalist/kunakatuwa/349518856_637605001.jpg,kunakatuwa,nidi-mapila,0.4396,0.2376,mismatch
external/inaturalist/kunakatuwa/349518856_637605030.jpg,kunakatuwa,nidi-mapila,0.3946,0.0257,mismatch
external/inaturalist/kunakatuwa/350778576_640066438.jpg,kunakatuwa,kunakatuwa,0.2838,0.2838,
external/inaturalist/kunakatuwa/356065547_649323583.jpg,kunakatuwa,palabariya,0.1956,0.0290,mismatch
external/inaturalist/kunakatuwa/356065547_649323957.jpg,kunakatuwa,diyawaranaya,0.1307,0.0076,mismatch
external/inaturalist/kunakatuwa/359744391_656396199.jpg,kunakatuwa,kandukara-mukalan-thelissa,0.3307,0.0034,mismatch
external/inaturalist/kunakatuwa/361924473_660550178.jpg,kunakatuwa,arani-dathkatiya,0.2618,0.0070,mismatch
external/inaturalist/kunakatuwa/363438722_663416822.jpg,kunakatuwa,mal-randanakaya,0.1309,0.0240,mismatch
external/inaturalist/kunakatuwa/370072586_676437462.jpg,kunakatuwa,pimbura,0.1769,0.0638,mismatch
external/inaturalist/kunakatuwa/371966613_679658983.jpg,kunakatuwa,kandukara-mukalan-thelissa,0.2097,0.1890,mismatch
external/inaturalist/kunakatuwa/372178586_680084429.jpg,kunakatuwa,le-madilla,0.2521,0.1032,mismatch
external/inaturalist/kunakatuwa/372178586_680084497.jpg,kunakatuwa,kandukara-mukalan-thelissa,0.1708,0.0639,mismatch
external/inaturalist/kunakatuwa/372632551_680939434.jpg,kunakatuwa,aharakukka,0.1934,0.0451,mismatch
external/inaturalist/kunakatuwa/376768842_688917989.jpg,kunakatuwa,kandukara-mukalan-thelissa,0.6770,0.0250,mismatch
external/inaturalist/kunakatuwa/376768842_688918023.jpg,kunakatuwa,kandukara-mukalan-thelissa,0.2133,0.0218,mismatch
external/inaturalist/kunakatuwa/376768842_688918072.jpg,kunakatuwa,depath-naya,0.3372,0.0167,mismatch
external/inaturalist/kunakatuwa/376768842_688918131.jpg,kunakatuwa,thel-karawala,0.2211,0.0080,mismatch
external/inaturalist/kunakatuwa/386199641_707092747.jpg,kunakatuwa,kandukara-mukalan-thelissa,0.9043,0.0031,mismatch
external/inaturalist/kunakatuwa/386530350_707726728.jpg,kunakatuwa,kunakatuwa,0.4398,0.4398,
external/inaturalist/kunakatuwa/386530350_707726780.jpg,kunakatuwa,palabariya,0.3223,0.0498,mismatch
external/inaturalist/kunakatuwa/386530350_707728143.jpg,kunakatuwa,kunakatuwa,0.5872,0.5872,
external/inaturalist/kunakatuwa/386530350_707731066.jpg,kunakatuwa,kunakatuwa,0.7068,0.7068,
external/inaturalist/kunakatuwa/389282511_713045124.jpg,kunakatuwa,pimbura,0.2348,0.1951,mismatch
external/inaturalist/kunakatuwa/389282511_713045215.jpg,kunakatuwa,kunakatuwa,0.2800,0.2800,
external/inaturalist/mudu-karawala/13411788_19675523.jpg,mudu-karawala,gata-randanakaya,0.2848,0.1164,mismatch
external/inaturalist/mudu-karawala/152992925_264181865.jpg,mudu-karawala,gata-randanakaya,0.8674,0.0179,mismatch
external/inaturalist/mudu-karawala/152992925_264181907.jpg,mudu-karawala,kana-ulla,0.2983,0.0176,mismatch
external/inaturalist/mudu-karawala/152992925_264181925.jpg,mudu-karawala,gata-randanakaya,0.5405,0.0165,mismatch
external/inaturalist/mudu-karawala/152992925_264207183.jpg,mudu-karawala,arani-dathkatiya,0.3700,0.0456,mismatch
external/inaturalist/mudu-karawala/152992925_264207199.jpg,mudu-karawala,gata-randanakaya,0.1656,0.0181,mismatch
external/inaturalist/mudu-karawala/163809714_283369398.jpg,mudu-karawala,kana-ulla,0.3193,0.0120,mismatch
external/inaturalist/mudu-karawala/177612235_308935655.jpg,mudu-karawala,thel-karawala,0.3004,0.0174,mismatch
external/inaturalist/mudu-karawala/179529446_312571987.jpg,mudu-karawala,gata-randanakaya,0.4615,0.0146,mismatch
external/inaturalist/mudu-karawala/18124359_27711640.jpg,mudu-karawala,thuru-haldanda,0.1139,0.0061,mismatch
external/inaturalist/mudu-karawala/18124359_27711645.jpg,mudu-karawala,arani-dathkatiya,0.3204,0.0047,mismatch
external/inaturalist/mudu-karawala/18124359_27711651.jpg,mudu-karawala,pimbura,0.1974,0.0060,mismatch
external/inaturalist/mudu-karawala/182804333_318802689.jpg,mudu-karawala,depath-naya,0.2315,0.0014,mismatch
external/inaturalist/mudu-karawala/194288020_341476686.jpg,mudu-karawala,aharakukka,0.1232,0.0187,mismatch
external/inaturalist/mudu-karawala/204354714_361198505.jpg,mudu-karawala,gata-randanakaya,0.7085,0.0060,mismatch
external/inaturalist/mudu-karawala/217498505_384779511.jpg,mudu-karawala,gata-randanakaya,0.6007,0.0039,mismatch
external/inaturalist/mudu-karawala/217498505_384779554.jpg,mudu-karawala,thel-karawala,0.4883,0.0473,mismatch
external/inaturalist/mudu-karawala/234812255_417503141.jpg,mudu-karawala,arani-dathkatiya,0.1407,0.0015,mismatch
external/inaturalist/mudu-karawala/242216972_431801524.jpg,mudu-karawala,daara-randanakaya,0.3650,0.0880,mismatch
external/inaturalist/mudu-karawala/242216972_431802030.jpg,mudu-karawala,arani-dathkatiya,0.2203,0.0749,mismatch
external/inaturalist/mudu-karawala/261328821_469470984.jpg,mudu-karawala,vayiri-dathkatiya,0.2168,0.0016,mismatch
external/inaturalist/mudu-karawala/261328821_469471004.jpg,mudu-karawala,arani-dathkatiya,0.1518,0.0044,mismatch
external/inaturalist/mudu-karawala/261328821_469471024.jpg,mudu-karawala,kana-ulla,0.3565,0.0012,mismatch
external/inaturalist/mudu-karawala/267138958_480034725.jpg,mudu-karawala,alu-randanakaya,0.1683,0.0442,mismatch
external/inaturalist/mudu-karawala/267138958_480034820.jpg,mudu-karawala,mudu-karawala,0.1929,0.1929,
external/inaturalist/mudu-karawala/270447804_486379296.jpg,mudu-karawala,gata-randanakaya,0.7405,0.0068,mismatch
external/inaturalist/mudu-karawala/270447804_486379375.jpg,mudu-karawala,kana-ulla,0.2684,0.0095,mismatch
external/inaturalist/mudu-karawala/283929371_510219301.jpg,mudu-karawala,panduru-haldanda,0.3411,0.0995,mismatch
external/inaturalist/mudu-karawala/29770373_46479354.jpg,mudu-karawala,thel-karawala,0.2061,0.0078,mismatch
external/inaturalist/mudu-karawala/306018581_551817677.jpg,mudu-karawala,mudu-karawala,0.4534,0.4534,
external/inaturalist/mudu-karawala/306018581_552275466.jpg,mudu-karawala,mudu-karawala,0.7314,0.7314,
external/inaturalist/mudu-karawala/341806701_622320098.jpg,mudu-karawala,lanka-diyabariya,0.2759,0.1740,mismatch
external/inaturalist/mudu-karawala/341806701_622320153.jpg,mudu-karawala,depath-naya,0.1673,0.0121,mismatch
external/inaturalist/mudu-karawala/341806701_622320341.jpg,mudu-karawala,depath-naya,0.4522,0.0069,mismatch
external/inaturalist/mudu-karawala/69660323_113079709.jpg,mudu-karawala,daara-randanakaya,0.2919,0.0821,mismatch
external/inaturalist/mudu-karawala/88026967_145191601.jpg,mudu-karawala,thel-karawala,0.3087,0.0120,mismatch
external/inaturalist/nidi-mapila/166269723_287909962.jpg,nidi-mapila,kunakatuwa,0.1518,0.1193,mismatch
external/inaturalist/nidi-mapila/174852210_303814214.jpg,nidi-mapila,kaha-mapila,0.2702,0.1288,mismatch
external/inaturalist/nidi-mapila/174880405_303863590.jpg,nidi-mapila,nidi-mapila,0.3092,0.3092,
external/inaturalist/nidi-mapila/177612308_308935798.jpg,nidi-mapila,dathi-gomaraya,0.4241,0.0073,mismatch
external/inaturalist/nidi-mapila/181568999_316417040.jpg,nidi-mapila,gata-randanakaya,0.2181,0.0187,mismatch
external/inaturalist/nidi-mapila/189446493_331870399.jpg,nidi-mapila,nidi-mapila,0.6925,0.6925,
external/inaturalist/nidi-mapila/193014975_338973885.jpg,nidi-mapila,nidi-mapila,0.3066,0.3066,
external/inaturalist/nidi-mapila/193014975_338973967.jpg,nidi-mapila,nidi-mapila,0.3011,0.3011,
external/inaturalist/nidi-mapila/194101069_341093651.jpg,nidi-mapila,panduru-haldanda,0.1385,0.0899,mismatch
external/inaturalist/nidi-mapila/194101069_341095205.jpg,nidi-mapila,mal-randanakaya,0.2086,0.0977,mismatch
external/inaturalist/nidi-mapila/194101069_341095220.jpg,nidi-mapila,kata-kaluwa,0.2533,0.0219,mismatch
external/inaturalist/nidi-mapila/194288286_341477116.jpg,nidi-mapila,nidi-mapila,0.3338,0.3338,
external/inaturalist/nidi-mapila/195169641_343277497.jpg,nidi-mapila,pimbura,0.5882,0.0782,mismatch
external/inaturalist/nidi-mapila/195647025_344248779.jpg,nidi-mapila,panduru-haldanda,0.1633,0.0568,mismatch
external/inaturalist/nidi-mapila/195759135_344475144.jpg,nidi-mapila,dathi-gomaraya,0.7597,0.0034,mismatch
external/inaturalist/nidi-mapila/195759135_344475164.jpg,nidi-mapila,vayiri-dathkatiya,0.2984,0.0639,mismatch
external/inaturalist/nidi-mapila/195996340_344954385.jpg,nidi-mapila,naga-mapila,0.1795,0.1006,mismatch
external/inaturalist/nidi-mapila/195996340_344954408.jpg,nidi-mapila,nidi-mapila,0.3241,0.3241,
external/inaturalist/nidi-mapila/198959666_350775445.jpg,nidi-mapila,gata-randanakaya,0.2337,0.0881,mismatch
external/inaturalist/nidi-mapila/198959666_350775471.jpg,nidi-mapila,daara-randanakaya,0.1496,0.0061,mismatch
external/inaturalist/nidi-mapila/222869244_394832138.jpg,nidi-mapila,pulli-dathkatiya,0.3465,0.1036,mismatch
external/inaturalist/nidi-mapila/222869244_394832330.jpg,nidi-mapila,nidi-mapila,0.2383,0.2383,
external/inaturalist/nidi-mapila/222869244_394832724.jpg,nidi-mapila,nidi-mapila,0.1968,0.1968,
external/inaturalist/nidi-mapila/222869244_394833130.jpg,nidi-mapila,diyawaranaya,0.2257,0.0073,mismatch
external/inaturalist/nidi-mapila/229615861_407600626.jpg,nidi-mapila,depath-kaluwa,0.0938,0.0715,mismatch
external/inaturalist/nidi-mapila/234812170_417502932.jpg,nidi-mapila,wali-polanga,0.1866,0.0985,mismatch
external/inaturalist/nidi-mapila/234812837_417504080.jpg,nidi-mapila,pala-polanga,0.1964,0.1388,mismatch
external/inaturalist/nidi-mapila/235478227_418792895.jpg,nidi-mapila,depath-kaluwa,0.2042,0.0520,mismatch
external/inaturalist/nidi-mapila/237132484_421988444.jpg,nidi-mapila,kunakatuwa,0.4179,0.0237,mismatch
external/inaturalist/nidi-mapila/237132484_421988518.jpg,nidi-mapila,kunakatuwa,0.4467,0.0333,mismatch
external/inaturalist/nidi-mapila/237132484_421988730.jpg,nidi-mapila,kunakatuwa,0.3810,0.0075,mismatch
external/inaturalist/nidi-mapila/238259080_424153535.jpg,nidi-mapila,nidi-mapila,0.4160,0.4160,
external/inaturalist/nidi-mapila/244587418_436304513.jpg,nidi-mapila,nidi-mapila,0.3731,0.3731,
external/inaturalist/nidi-mapila/244587418_436305716.jpg,nidi-mapila,nidi-mapila,0.2526,0.2526,
external/inaturalist/nidi-mapila/248062150_443149951.jpg,nidi-mapila,aharakukka,0.5738,0.0258,mismatch
external/inaturalist/nidi-mapila/268914511_483434402.jpg,nidi-mapila,panduru-mapila,0.3996,0.0283,mismatch
external/inaturalist/nidi-mapila/304714561_549315200.jpg,nidi-mapila,panduru-mapila,0.5710,0.0076,mismatch
external/inaturalist/nidi-mapila/305198614_550249632.jpg,nidi-mapila,aharakukka,0.2176,0.0363,mismatch
external/inaturalist/nidi-mapila/321415783_581284488.jpg,nidi-mapila,panduru-haldanda,0.2317,0.0234,mismatch
external/inaturalist/nidi-mapila/321415783_581284522.jpg,nidi-mapila,panduru-haldanda,0.2317,0.0234,mismatch
external/inaturalist/nidi-mapila/321415783_581284552.jpg,nidi-mapila,panduru-haldanda,0.4524,0.0213,mismatch
external/inaturalist/nidi-mapila/333108505_604688827.jpg,nidi-mapila,nidi-mapila,0.3389,0.3389,
external/inaturalist/nidi-mapila/333962192_606370271.jpg,nidi-mapila,kana-ulla,0.4399,0.0151,mismatch
external/inaturalist/nidi-mapila/333962192_606370290.jpg,nidi-mapila,kana-ulla,0.3373,0.0088,mismatch
external/inaturalist/nidi-mapila/333962192_606370310.jpg,nidi-mapila,kana-ulla,0.2022,0.0149,mismatch
external/inaturalist/nidi-mapila/333962192_606370325.jpg,nidi-mapila,depath-naya,0.1863,0.0271,mismatch
external/inaturalist/nidi-mapila/333962192_606370345.jpg,nidi-mapila,kana-ulla,0.1399,0.0151,mismatch
external/inaturalist/nidi-mapila/339807651_618235473.jpg,nidi-mapila,pala-polanga,0.2133,0.0857,mismatch
external/inaturalist/nidi-mapila/339807651_618235505.jpg,nidi-mapila,panduru-mapila,0.4200,0.0256,mismatch
external/inaturalist/nidi-mapila/345244006_629155358.jpg,nidi-mapila,thith-polanga,0.2334,0.0202,mismatch
external/inaturalist/nidi-mapila/345244006_629155377.jpg,nidi-mapila,wali-polanga,0.6346,0.0027,mismatch
external/inaturalist/nidi-mapila/345244006_629155393.jpg,nidi-mapila,kuda-madilla,0.1808,0.0104,mismatch
external/inaturalist/nidi-mapila/345244006_629155408.jpg,nidi-mapila,garandiya,0.2373,0.0733,mismatch
external/inaturalist/nidi-mapila/345244006_629155421.jpg,nidi-mapila,wali-polanga,0.1948,0.0208,mismatch
external/inaturalist/nidi-mapila/345244006_629155435.jpg,nidi-mapila,depath-naya,0.2671,0.0496,mismatch
external/inaturalist/nidi-mapila/345244006_629155454.jpg,nidi-mapila,depath-kaluwa,0.2751,0.0534,mismatch
external/inaturalist/nidi-mapila/345244006_629155469.jpg,nidi-mapila,depath-kaluwa,0.3233,0.0361,mismatch
external/inaturalist/nidi-mapila/345244006_629155488.jpg,nidi-mapila,depath-naya,0.4068,0.0299,mismatch
external/inaturalist/nidi-mapila/345244006_629155502.jpg,nidi-mapila,garandiya,0.3408,0.0273,mismatch
external/inaturalist/nidi-mapila/347832439_634272047.jpg,nidi-mapila,pimbura,0.6658,0.0785,mismatch
external/inaturalist/nidi-mapila/347832439_634272108.jpg,nidi-mapila,thuru-haldanda,0.1313,0.0673,mismatch
external/inaturalist/nidi-mapila/347832439_634272169.jpg,nidi-mapila,kata-kaluwa,0.1605,0.0139,mismatch
external/inaturalist/nidi-mapila/348064768_634734800.jpg,nidi-mapila,kandukara-mukalan-thelissa,0.3172,0.1146,mismatch
external/inaturalist/nidi-mapila/348067153_634739669.jpg,nidi-mapila,kaha-mapila,0.1675,0.0359,mismatch
external/inaturalist/nidi-mapila/348251422_635104532.jpg,nidi-mapila,panduru-mapila,0.2680,0.0387,mismatch
external/inaturalist/nidi-mapila/350847337_640194929.jpg,nidi-mapila,nidi-mapila,0.3846,0.3846,
external/inaturalist/nidi-mapila/350847337_640194942.jpg,nidi-mapila,kaha-mapila,0.5708,0.0509,mismatch
external/inaturalist/nidi-mapila/354138653_646095923.jpg,nidi-mapila,kaha-mapila,0.1381,0.1348,mismatch
external/inaturalist/nidi-mapila/354138653_646095987.jpg,nidi-mapila,nidi-mapila,0.1520,0.1520,
external/inaturalist/nidi-mapila/354138653_646096056.jpg,nidi-mapila,kunakatuwa,0.2132,0.1589,mismatch
external/inaturalist/nidi-mapila/355136485_647774191.jpg,nidi-mapila,naga-mapila,0.1387,0.0270,mismatch
external/inaturalist/nidi-mapila/359804995_656506782.jpg,nidi-mapila,nidi-mapila,0.2049,0.2049,
external/inaturalist/nidi-mapila/361893418_660489294.jpg,nidi-mapila,kandukara-mukalan-thelissa,0.2651,0.1651,mismatch
external/inaturalist/nidi-mapila/366115785_668492793.jpg,nidi-mapila,kunakatuwa,0.1729,0.0175,mismatch
external/inaturalist/nidi-mapila/366115785_672278387.jpg,nidi-mapila,nidi-mapila,0.2117,0.2117,
external/inaturalist/nidi-mapila/369718741_675364307.jpg,nidi-mapila,panduru-mapila,0.5241,0.0254,mismatch
external/inaturalist/nidi-mapila/369718741_675364327.jpg,nidi-mapila,kaha-mapila,0.3196,0.1104,mismatch
external/inaturalist/nidi-mapila/369718741_675364338.jpg,nidi-mapila,panduru-mapila,0.3499,0.0305,mismatch
external/inaturalist/nidi-mapila/374644309_684799410.jpg,nidi-mapila,nidi-mapila,0.4036,0.4036,
external/inaturalist/nidi-mapila/380043485_695240508.jpg,nidi-mapila,rana-mapila,0.5376,0.0533,mismatch
external/inaturalist/pala-polanga/350778561_640066302.jpg,pala-polanga,kaha-mapila,0.2981,0.0857,mismatch
external/inaturalist/pala-polanga/351645339_641719469.jpg,pala-polanga,pala-polanga,0.9161,0.9161,
external/inaturalist/pala-polanga/351645339_641719521.jpg,pala-polanga,pala-polanga,0.8970,0.8970,
external/inaturalist/pala-polanga/351645339_641719550.jpg,pala-polanga,pala-polanga,0.9118,0.9118,
external/inaturalist/pala-polanga/351645348_641721851.jpg,pala-polanga,pala-polanga,0.3244,0.3244,
external/inaturalist/pala-polanga/351645348_641721852.jpg,pala-polanga,pala-polanga,0.2447,0.2447,
external/inaturalist/pala-polanga/352906035_643987308.jpg,pala-polanga,pala-polanga,0.4291,0.4291,
external/inaturalist/pala-polanga/353384390_644807244.jpg,pala-polanga,palabariya,0.4580,0.0438,mismatch
external/inaturalist/pala-polanga/353384390_644807266.jpg,pala-polanga,palabariya,0.1029,0.0148,mismatch
external/inaturalist/pala-polanga/353384390_644807271.jpg,pala-polanga,palabariya,0.2476,0.0183,mismatch
external/inaturalist/pala-polanga/353384390_644807276.jpg,pala-polanga,palabariya,0.5257,0.0485,mismatch
external/inaturalist/pala-polanga/353384390_644807287.jpg,pala-polanga,palabariya,0.6333,0.0302,mismatch
external/inaturalist/pala-polanga/353384390_644807288.jpg,pala-polanga,palabariya,0.4992,0.0514,mismatch
external/inaturalist/pala-polanga/353384390_644807299.jpg,pala-polanga,lanka-diyabariya,0.0916,0.0354,mismatch
external/inaturalist/pala-polanga/353384390_644807319.jpg,pala-polanga,garandiya,0.2005,0.0127,mismatch
external/inaturalist/pala-polanga/353391611_644818071.jpg,pala-polanga,thuru-haldanda,0.2064,0.0500,mismatch
external/inaturalist/pala-polanga/353563728_645089678.jpg,pala-polanga,panduru-mapila,0.0986,0.0224,mismatch
external/inaturalist/pala-polanga/354229441_646245219.jpg,pala-polanga,thuru-haldanda,0.2091,0.0446,mismatch
external/inaturalist/pala-polanga/354420311_646551422.jpg,pala-polanga,pala-polanga,0.8558,0.8558,
external/inaturalist/pala-polanga/354428276_646553920.jpg,pala-polanga,pala-polanga,0.7548,0.7548,
external/inaturalist/pala-polanga/355235612_647920341.jpg,pala-polanga,thuru-haldanda,0.1171,0.0438,mismatch
external/inaturalist/pala-polanga/355235612_647920436.jpg,pala-polanga,panduru-haldanda,0.2378,0.0184,mismatch
external/inaturalist/pala-polanga/355235612_647920555.jpg,pala-polanga,panduru-haldanda,0.2089,0.0244,mismatch
external/inaturalist/pala-polanga/355235612_647920654.jpg,pala-polanga,thuru-haldanda,0.1528,0.0426,mismatch
external/inaturalist/pala-polanga/355928132_649077649.jpg,pala-polanga,kunakatuwa,0.3616,0.0505,mismatch
external/inaturalist/pala-polanga/356113432_649403610.jpg,pala-polanga,pala-polanga,0.2295,0.2295,
external/inaturalist/pala-polanga/356508894_650129056.jpg,pala-polanga,pala-polanga,0.3880,0.3880,
external/inaturalist/pala-polanga/356508894_650129065.jpg,pala-polanga,garandiya,0.3054,0.1300,mismatch
external/inaturalist/pala-polanga/356508894_650129066.jpg,pala-polanga,pala-polanga,0.2349,0.2349,
external/inaturalist/pala-polanga/357169410_651400740.jpg,pala-polanga,pala-polanga,0.1709,0.1709,
external/inaturalist/pala-polanga/357436289_651938422.jpg,pala-polanga,pala-polanga,0.3529,0.3529,
external/inaturalist/pala-polanga/357619512_652278793.jpg,pala-polanga,pala-polanga,0.7201,0.7201,
external/inaturalist/pala-polanga/357619512_652278820.jpg,pala-polanga,pala-polanga,0.1603,0.1603,
external/inaturalist/pala-polanga/357619512_652278867.jpg,pala-polanga,pala-polanga,0.6937,0.6937,
external/inaturalist/pala-polanga/357619512_652278875.jpg,pala-polanga,pala-polanga,0.6800,0.6800,
external/inaturalist/pala-polanga/357619512_652278890.jpg,pala-polanga,pala-polanga,0.5903,0.5903,
external/inaturalist/pala-polanga/357619512_652278973.jpg,pala-polanga,pala-polanga,0.7860,0.7860,
external/inaturalist/pala-polanga/358386194_653775756.jpg,pala-polanga,pala-polanga,0.2546,0.2546,
external/inaturalist/pala-polanga/359232995_655404872.jpg,pala-polanga,pala-polanga,0.2394,0.2394,
external/inaturalist/pala-polanga/359733656_656375111.jpg,pala-polanga,pala-polanga,0.6729,0.6729,
external/inaturalist/pala-polanga/359744390_656396208.jpg,pala-polanga,nidi-mapila,0.2453,0.1460,mismatch
external/inaturalist/pala-polanga/359790536_656479650.jpg,pala-polanga,kaha-mapila,0.2809,0.1648,mismatch
external/inaturalist/pala-polanga/359791798_656482401.jpg,pala-polanga,lanka-diyabariya,0.1221,0.0237,mismatch
external/inaturalist/pala-polanga/360185095_657223995.jpg,pala-polanga,pala-polanga,0.1457,0.1457,low_confidence
external/inaturalist/pala-polanga/360185131_657227807.jpg,pala-polanga,pala-polanga,0.3128,0.3128,
external/inaturalist/pala-polanga/360445754_657715309.jpg,pala-polanga,panduru-haldanda,0.1081,0.0302,mismatch
external/inaturalist/pala-polanga/362543313_661708269.jpg,pala-polanga,thuru-haldanda,0.1763,0.1519,mismatch
external/inaturalist/pala-polanga/363065895_662709727.jpg,pala-polanga,nidi-mapila,0.2362,0.0490,mismatch
external/inaturalist/pala-polanga/363595845_663720927.jpg,pala-polanga,pala-polanga,0.5992,0.5992,
external/inaturalist/pala-polanga/363595845_663720929.jpg,pala-polanga,pala-polanga,0.6802,0.6802,
external/inaturalist/pala-polanga/364253797_664946039.jpg,pala-polanga,pala-polanga,0.5757,0.5757,
external/inaturalist/pala-polanga/364615746_665639577.jpg,pala-polanga,pala-polanga,0.4818,0.4818,
external/inaturalist/pala-polanga/364615746_665639578.jpg,pala-polanga,pala-polanga,0.4167,0.4167,
external/inaturalist/pala-polanga/365045328_666450369.jpg,pala-polanga,pala-polanga,0.9867,0.9867,
external/inaturalist/pala-polanga/365265704_666871162.jpg,pala-polanga,pala-polanga,0.4282,0.4282,
external/inaturalist/pala-polanga/365265704_666871202.jpg,pala-polanga,pala-polanga,0.4014,0.4014,
external/inaturalist/pala-polanga/365742241_667778629.jpg,pala-polanga,pala-polanga,0.3489,0.3489,
external/inaturalist/pala-polanga/368296539_672667242.jpg,pala-polanga,garandiya,0.2064,0.0674,mismatch
external/inaturalist/pala-polanga/369683627_675298590.jpg,pala-polanga,pala-polanga,0.7026,0.7026,
external/inaturalist/pala-polanga/371491092_678748194.jpg,pala-polanga,pala-polanga,0.2055,0.2055,
external/inaturalist/pala-polanga/371491092_678748237.jpg,pala-polanga,pala-polanga,0.2936,0.2936,
external/inaturalist/pala-polanga/371491092_678748258.jpg,pala-polanga,pala-polanga,0.3316,0.3316,
external/inaturalist/pala-polanga/371605078_678964700.jpg,pala-polanga,alu-randanakaya,0.1397,0.0387,mismatch
external/inaturalist/pala-polanga/376244108_687899266.jpg,pala-polanga,pala-polanga,0.1485,0.1485,low_confidence
external/inaturalist/pala-polanga/376244108_687901142.jpg,pala-polanga,pala-polanga,0.2984,0.2984,
external/inaturalist/pala-polanga/376468135_688345317.jpg,pala-polanga,pala-polanga,0.2583,0.2583,
external/inaturalist/pala-polanga/380341007_695817535.jpg,pala-polanga,pala-polanga,0.2742,0.2742,
external/inaturalist/pala-polanga/380579529_696277562.jpg,pala-polanga,pala-polanga,0.3559,0.3559,
external/inaturalist/pala-polanga/380579531_696277558.jpg,pala-polanga,pala-polanga,0.3301,0.3301,
external/inaturalist/pala-polanga/380579534_696277599.jpg,pala-polanga,pala-polanga,0.3414,0.3414,
external/inaturalist/pala-polanga/380579550_696277797.jpg,pala-polanga,dathi-gomaraya,0.2383,0.1392,mismatch
external/inaturalist/pala-polanga/382033808_699093977.jpg,pala-polanga,pala-polanga,0.4990,0.4990,
external/inaturalist/pala-polanga/382190046_699398515.jpg,pala-polanga,palabariya,0.2341,0.2250,mismatch
external/inaturalist/pala-polanga/382190046_699398534.jpg,pala-polanga,kandukara-mukalan-thelissa,0.5359,0.0129,mismatch
external/inaturalist/pala-polanga/382433659_699861971.jpg,pala-polanga,pala-polanga,0.6095,0.6095,
external/inaturalist/pala-polanga/382434321_699863036.jpg,pala-polanga,nidi-mapila,0.1484,0.1269,mismatch
external/inaturalist/pala-polanga/382742611_700441619.jpg,pala-polanga,pala-polanga,0.5631,0.5631,
external/inaturalist/pala-polanga/387365500_709324737.jpg,pala-polanga,pala-polanga,0.2463,0.2463,
external/inaturalist/pala-polanga/388436722_711417408.jpg,pala-polanga,nidi-mapila,0.1963,0.0102,mismatch
external/inaturalist/pala-polanga/388437861_711420088.jpg,pala-polanga,pala-polanga,0.4773,0.4773,
external/inaturalist/panduru-mapila/187996757_328905154.jpg,panduru-mapila,kunakatuwa,0.4930,0.0024,mismatch
external/inaturalist/panduru-mapila/193972064_340840390.jpg,panduru-mapila,pimbura,0.2798,0.0020,mismatch
external/inaturalist/panduru-mapila/195647023_344248766.jpg,panduru-mapila,kandukara-mukalan-thelissa,0.1645,0.0598,mismatch
external/inaturalist/panduru-mapila/195647023_344248775.jpg,panduru-mapila,kata-kaluwa,0.3375,0.0071,mismatch
external/inaturalist/panduru-mapila/19894392_30680773.jpg,panduru-mapila,rana-mapila,0.1907,0.0155,mismatch
external/inaturalist/panduru-mapila/198959370_350774808.jpg,panduru-mapila,depath-kaluwa,0.1013,0.0312,mismatch
external/inaturalist/panduru-mapila/224549395_398002771.jpg,panduru-mapila,le-mapila,0.1235,0.0149,mismatch
external/inaturalist/panduru-mapila/239652915_426856965.jpg,panduru-mapila,mal-randanakaya,0.0888,0.0340,mismatch
external/inaturalist/panduru-mapila/247786959_442620752.jpg,panduru-mapila,rana-mapila,0.1594,0.0121,mismatch
external/inaturalist/panduru-mapila/258131840_463080495.jpg,panduru-mapila,panduru-haldanda,0.3779,0.0224,mismatch
external/inaturalist/panduru-mapila/258131840_463080508.jpg,panduru-mapila,panduru-mapila,0.1982,0.1982,
external/inaturalist/panduru-mapila/258131845_463080519.jpg,panduru-mapila,pimbura,0.1683,0.1200,mismatch
external/inaturalist/panduru-mapila/263171121_472735674.jpg,panduru-mapila,panduru-mapila,0.1631,0.1631,
external/inaturalist/panduru-mapila/263171121_472735708.jpg,panduru-mapila,pala-polanga,0.1269,0.0300,mismatch
external/inaturalist/panduru-mapila/263171121_472735736.jpg,panduru-mapila,nidi-mapila,0.2936,0.1064,mismatch
external/inaturalist/panduru-mapila/290052674_521733164.jpg,panduru-mapila,panduru-mapila,0.8433,0.8433,
external/inaturalist/panduru-mapila/290347384_522308432.jpg,panduru-mapila,rana-mapila,0.1489,0.1438,mismatch
external/inaturalist/panduru-mapila/290615341_522817776.jpg,panduru-mapila,nidi-mapila,0.3732,0.1158,mismatch
external/inaturalist/panduru-mapila/301815179_543895244.jpg,panduru-mapila,panduru-haldanda,0.2793,0.0195,mismatch
external/inaturalist/panduru-mapila/305198621_550252458.jpg,panduru-mapila,panduru-mapila,0.1963,0.1963,
external/inaturalist/panduru-mapila/307338319_554332526.jpg,panduru-mapila,kandukara-mukalan-thelissa,0.1211,0.0195,mismatch
external/inaturalist/panduru-mapila/31106165_48652133.jpg,panduru-mapila,pimbura,0.2420,0.0088,mismatch
external/inaturalist/panduru-mapila/31106165_48652139.jpg,panduru-mapila,thuru-haldanda,0.1156,0.0178,mismatch
external/inaturalist/panduru-mapila/31106165_48652146.jpg,panduru-mapila,nidi-mapila,0.1209,0.0189,mismatch
external/inaturalist/panduru-mapila/31106165_48652148.jpg,panduru-mapila,pimbura,0.1838,0.0083,mismatch
external/inaturalist/panduru-mapila/31106165_48652155.jpg,panduru-mapila,gata-randanakaya,0.1431,0.0037,mismatch
external/inaturalist/panduru-mapila/31106165_48652158.jpg,panduru-mapila,pimbura,0.1648,0.0181,mismatch
external/inaturalist/panduru-mapila/311866357_563009697.jpg,panduru-mapila,panduru-mapila,0.1304,0.1304,low_confidence
external/inaturalist/panduru-mapila/311866357_563009712.jpg,panduru-mapila,naga-mapila,0.2208,0.0748,mismatch
external/inaturalist/panduru-mapila/325664704_589665245.jpg,panduru-mapila,panduru-mapila,0.1900,0.1900,
external/inaturalist/panduru-mapila/325664704_589665314.jpg,panduru-mapila,panduru-mapila,0.1556,0.1556,
external/inaturalist/panduru-mapila/325664707_589665269.jpg,panduru-mapila,nidi-mapila,0.6222,0.0731,mismatch
external/inaturalist/panduru-mapila/32877270_51599923.jpg,panduru-mapila,panduru-mapila,0.1570,0.1570,
external/inaturalist/panduru-mapila/32878169_51601008.jpg,panduru-mapila,kandukara-mukalan-thelissa,0.3220,0.0569,mismatch
external/inaturalist/panduru-mapila/333582938_605648822.jpg,panduru-mapila,nidi-mapila,0.1352,0.0845,mismatch
external/inaturalist/panduru-mapila/336106710_612109842.jpg,panduru-mapila,panduru-mapila,0.6911,0.6911,
external/inaturalist/panduru-mapila/336240142_610978988.jpg,panduru-mapila,panduru-haldanda,0.1921,0.0120,mismatch
external/inaturalist/panduru-mapila/340016321_618664019.jpg,panduru-mapila,nidi-mapila,0.1567,0.0132,mismatch
external/inaturalist/panduru-mapila/340016321_618664029.jpg,panduru-mapila,panduru-haldanda,0.1317,0.0743,mismatch
external/inaturalist/panduru-mapila/34635900_54531439.jpg,panduru-mapila,kaha-mapila,0.1619,0.0157,mismatch
external/inaturalist/panduru-mapila/348067285_634740029.jpg,panduru-mapila,rana-mapila,0.1865,0.0915,mismatch
external/inaturalist/panduru-mapila/350695372_639609287.jpg,panduru-mapila,kandukara-mukalan-thelissa,0.2429,0.1248,mismatch
external/inaturalist/panduru-mapila/350695372_639905672.jpg,panduru-mapila,kuda-madilla,0.0695,0.0663,mismatch
external/inaturalist/panduru-mapila/39404873_62513259.jpg,panduru-mapila,depath-naya,0.2071,0.0053,mismatch
external/inaturalist/pimbura/109438556_184450913.jpg,pimbura,lanka-diyabariya,0.1222,0.0758,mismatch
external/inaturalist/pimbura/128645028_218530588.jpg,pimbura,mal-sara,0.2374,0.0493,mismatch
external/inaturalist/pimbura/128647654_218535344.jpg,pimbura,kana-ulla,0.2261,0.0073,mismatch
external/inaturalist/pimbura/128647654_218535388.jpg,pimbura,arani-dathkatiya,0.1506,0.0240,mismatch
external/inaturalist/pimbura/128647654_218535443.jpg,pimbura,vayiri-dathkatiya,0.0937,0.0275,mismatch
external/inaturalist/pimbura/132156473_225012183.jpg,pimbura,vayiri-dathkatiya,0.1791,0.0595,mismatch
external/inaturalist/pimbura/147247660_253340721.jpg,pimbura,pimbura,0.2454,0.2454,
external/inaturalist/pimbura/149368413_257372199.jpg,pimbura,pimbura,0.1330,0.1330,low_confidence
external/inaturalist/pimbura/149368413_257372223.jpg,pimbura,pimbura,0.1339,0.1339,low_confidence
external/inaturalist/pimbura/149368413_257372243.jpg,pimbura,thith-polanga,0.3058,0.2154,mismatch
external/inaturalist/pimbura/149813132_258211102.jpg,pimbura,kunakatuwa,0.8412,0.0034,mismatch
external/inaturalist/pimbura/151636603_261664165.jpg,pimbura,depath-naya,0.2896,0.0248,mismatch
external/inaturalist/pimbura/157268760_271927500.jpg,pimbura,mal-randanakaya,0.1412,0.0616,mismatch
external/inaturalist/pimbura/170219265_295220781.jpg,pimbura,pimbura,0.2978,0.2978,
external/inaturalist/pimbura/180620061_314659766.jpg,pimbura,palabariya,0.1779,0.0265,mismatch
external/inaturalist/pimbura/180620061_314659839.jpg,pimbura,lanka-diyabariya,0.2334,0.0142,mismatch
external/inaturalist/pimbura/180620061_314659888.jpg,pimbura,pala-polanga,0.2741,0.0087,mismatch
external/inaturalist/pimbura/195169979_343278159.jpg,pimbura,nidi-mapila,0.4109,0.2009,mismatch
external/inaturalist/pimbura/201362508_355444744.jpg,pimbura,pimbura,0.2721,0.2721,
external/inaturalist/pimbura/202460973_357571894.jpg,pimbura,garandiya,0.1118,0.0048,mismatch
external/inaturalist/pimbura/202460973_357571954.jpg,pimbura,gata-randanakaya,0.2703,0.0084,mismatch
external/inaturalist/pimbura/220286479_389997763.jpg,pimbura,kunakatuwa,0.1159,0.0113,mismatch
external/inaturalist/pimbura/222896236_394879480.jpg,pimbura,nidi-mapila,0.1940,0.1382,mismatch
external/inaturalist/pimbura/222896236_394879482.jpg,pimbura,mal-sara,0.1980,0.0362,mismatch
external/inaturalist/pimbura/22309312_34551171.jpg,pimbura,thith-polanga,0.1901,0.0247,mismatch
external/inaturalist/pimbura/240975636_429404885.jpg,pimbura,pimbura,0.5712,0.5712,
external/inaturalist/pimbura/240975636_429404920.jpg,pimbura,pimbura,0.8198,0.8198,
external/inaturalist/pimbura/244563169_436257014.jpg,pimbura,arani-dathkatiya,0.3480,0.0282,mismatch
external/inaturalist/pimbura/246759574_440585357.jpg,pimbura,mal-sara,0.1724,0.0736,mismatch
external/inaturalist/pimbura/246759574_440585380.jpg,pimbura,aharakukka,0.1599,0.0263,mismatch
external/inaturalist/pimbura/248508751_444044331.jpg,pimbura,thith-polanga,0.2256,0.1800,mismatch
external/inaturalist/pimbura/250541649_448110108.jpg,pimbura,mal-sara,0.1477,0.0196,mismatch
external/inaturalist/pimbura/250541649_448110125.jpg,pimbura,dathi-gomaraya,0.1118,0.0454,mismatch
external/inaturalist/pimbura/250541649_448110159.jpg,pimbura,kunakatuwa,0.1452,0.0657,mismatch
external/inaturalist/pimbura/254866593_456612732.jpg,pimbura,kunakatuwa,0.1909,0.0991,mismatch
external/inaturalist/pimbura/258372670_463546150.jpg,pimbura,pimbura,0.2696,0.2696,
external/inaturalist/pimbura/258372670_463546168.jpg,pimbura,pimbura,0.1623,0.1623,
external/inaturalist/pimbura/265806036_477509859.jpg,pimbura,garandiya,0.1375,0.0383,mismatch
external/inaturalist/pimbura/268395266_482435207.jpg,pimbura,pimbura,0.8123,0.8123,
external/inaturalist/pimbura/316272006_571411394.jpg,pimbura,gata-randanakaya,0.2562,0.0043,mismatch
external/inaturalist/pimbura/326451675_591244770.jpg,pimbura,wali-polanga,0.1753,0.1259,mismatch
external/inaturalist/pimbura/327455287_593247731.jpg,pimbura,kandukara-mukalan-thelissa,0.1384,0.0158,mismatch
external/inaturalist/pimbura/32797474_51465007.jpg,pimbura,pimbura,0.9344,0.9344,
external/inaturalist/pimbura/328050354_594376364.jpg,pimbura,aharakukka,0.1538,0.0401,mismatch
external/inaturalist/pimbura/331932659_602271982.jpg,pimbura,pimbura,0.2777,0.2777,
external/inaturalist/pimbura/334083284_606617207.jpg,pimbura,depath-naya,0.3645,0.0296,mismatch
external/inaturalist/pimbura/334083284_606617217.jpg,pimbura,mal-sara,0.1753,0.0078,mismatch
external/inaturalist/pimbura/334083284_606617229.jpg,pimbura,depath-naya,0.3941,0.0436,mismatch
external/inaturalist/pimbura/334083284_606617724.jpg,pimbura,depath-naya,0.4166,0.0278,mismatch
external/inaturalist/pimbura/334083284_606618583.jpg,pimbura,depath-naya,0.5241,0.0272,mismatch
external/inaturalist/pimbura/334083284_606618677.jpg,pimbura,depath-naya,0.2505,0.0130,mismatch
external/inaturalist/pimbura/334083284_606621197.jpg,pimbura,gata-randanakaya,0.1262,0.0096,mismatch
external/inaturalist/pimbura/334083284_607385563.jpg,pimbura,mal-sara,0.1729,0.0073,mismatch
external/inaturalist/pimbura/334083284_607385573.jpg,pimbura,depath-naya,0.3153,0.0601,mismatch
external/inaturalist/pimbura/338175464_614931854.jpg,pimbura,pimbura,0.2155,0.2155,
external/inaturalist/pimbura/338175464_614931858.jpg,pimbura,pimbura,0.3469,0.3469,
external/inaturalist/pimbura/340040590_618713048.jpg,pimbura,kata-kaluwa,0.3893,0.3486,mismatch
external/inaturalist/pimbura/340040590_618713071.jpg,pimbura,aharakukka,0.1551,0.1249,mismatch
external/inaturalist/pimbura/340040590_618713087.jpg,pimbura,pimbura,0.4394,0.4394,
external/inaturalist/pimbura/340040590_618713109.jpg,pimbura,pimbura,0.9587,0.9587,
external/inaturalist/pimbura/342613808_623953747.jpg,pimbura,panduru-mapila,0.1606,0.0036,mismatch
external/inaturalist/pimbura/343313889_625352419.jpg,pimbura,thith-polanga,0.1111,0.0779,mismatch
external/inaturalist/pimbura/343576470_625888803.jpg,pimbura,nidi-mapila,0.3375,0.1118,mismatch
external/inaturalist/pimbura/343580949_625898760.jpg,pimbura,garandiya,0.1762,0.0871,mismatch
external/inaturalist/pimbura/348063093_634731868.jpg,pimbura,pimbura,0.3864,0.3864,
external/inaturalist/pimbura/348063093_634731875.jpg,pimbura,pimbura,0.7678,0.7678,
external/inaturalist/pimbura/350778753_640068324.jpg,pimbura,kata-kaluwa,0.5666,0.2204,mismatch
external/inaturalist/pimbura/356818096_650732167.jpg,pimbura,aharakukka,0.5002,0.0318,mismatch
external/inaturalist/pimbura/367011014_670204497.jpg,pimbura,kunakatuwa,0.3789,0.0245,mismatch
external/inaturalist/pimbura/372862131_681375969.jpg,pimbura,pimbura,0.4920,0.4920,
external/inaturalist/pimbura/382797961_700563177.jpg,pimbura,naga-mapila,0.1915,0.0069,mismatch
external/inaturalist/pimbura/39606680_62853003.jpg,pimbura,kabara-randanakaya,0.1688,0.0168,mismatch
external/inaturalist/pimbura/47736113_75722715.jpg,pimbura,aharakukka,0.0978,0.0407,mismatch
external/inaturalist/pimbura/47736113_75722746.jpg,pimbura,kunakatuwa,0.1433,0.0714,mismatch
external/inaturalist/pimbura/63752633_102371975.jpg,pimbura,mal-sara,0.2626,0.0309,mismatch
external/inaturalist/pimbura/72156432_117598117.jpg,pimbura,panduru-haldanda,0.1780,0.0230,mismatch
external/inaturalist/pimbura/79902352_130913199.jpg,pimbura,nidi-mapila,0.2493,0.0038,mismatch
external/inaturalist/pimbura/91226024_150863875.jpg,pimbura,kata-kaluwa,0.5154,0.0942,mismatch
external/inaturalist/pimbura/91226024_150864262.jpg,pimbura,pimbura,0.6947,0.6947,
external/inaturalist/pimbura/91226024_150864278.jpg,pimbura,pimbura,0.9426,0.9426,
external/inaturalist/thel-karawala/147246573_253339408.jpg,thel-karawala,daara-randanakaya,0.1567,0.1338,mismatch
external/inaturalist/thel-karawala/198273055_349425822.jpg,thel-karawala,kana-ulla,0.1071,0.0454,mismatch
external/inaturalist/thel-karawala/200797358_354336251.jpg,thel-karawala,gata-randanakaya,0.2625,0.0203,mismatch
external/inaturalist/thel-karawala/240974171_429402421.jpg,thel-karawala,thel-karawala,0.1123,0.1123,low_confidence
external/inaturalist/thel-karawala/240974171_429402471.jpg,thel-karawala,alu-randanakaya,0.5212,0.0746,mismatch
external/inaturalist/thel-karawala/240974171_429402512.jpg,thel-karawala,thel-karawala,0.1241,0.1241,low_confidence
external/inaturalist/thel-karawala/249501688_446019046.jpg,thel-karawala,thel-karawala,0.4764,0.4764,
external/inaturalist/thel-karawala/250570498_448164930.jpg,thel-karawala,arani-dathkatiya,0.1638,0.0046,mismatch
external/inaturalist/thel-karawala/250570498_448164982.jpg,thel-karawala,arani-dathkatiya,0.1542,0.0812,mismatch
external/inaturalist/thel-karawala/250570498_448165157.jpg,thel-karawala,arani-dathkatiya,0.4086,0.0306,mismatch
external/inaturalist/thel-karawala/250570498_448165249.jpg,thel-karawala,mal-randanakaya,0.5250,0.0037,mismatch
external/inaturalist/thel-karawala/260335869_467504614.jpg,thel-karawala,pimbura,0.2387,0.0154,mismatch
external/inaturalist/thel-karawala/260335869_467504636.jpg,thel-karawala,gata-randanakaya,0.2115,0.0059,mismatch
external/inaturalist/thel-karawala/36398210_57531842.jpg,thel-karawala,kana-ulla,0.1932,0.1503,mismatch
external/inaturalist/thel-karawala/36889239_58388192.jpg,thel-karawala,thel-karawala,0.2872,0.2872,
external/inaturalist/thel-karawala/371269959_678298276.jpg,thel-karawala,rana-mapila,0.1228,0.1124,mismatch
external/inaturalist/thel-karawala/43554071_69102395.jpg,thel-karawala,kabara-randanakaya,0.2435,0.0159,mismatch
external/inaturalist/thel-karawala/54348609_86475309.jpg,thel-karawala,thel-karawala,0.3587,0.3587,
external/inaturalist/thith-polanga/104948180_175971051.jpg,thith-polanga,nidi-mapila,0.5890,0.0354,mismatch
external/inaturalist/thith-polanga/104948180_175971446.jpg,thith-polanga,arani-dathkatiya,0.2313,0.0645,mismatch
external/inaturalist/thith-polanga/109449134_184469689.jpg,thith-polanga,thith-polanga,0.6620,0.6620,
external/inaturalist/thith-polanga/123092387_208489613.jpg,thith-polanga,nidi-mapila,0.2845,0.0129,mismatch
external/inaturalist/thith-polanga/132923966_226339257.jpg,thith-polanga,depath-naya,0.4066,0.0187,mismatch
external/inaturalist/thith-polanga/133764447_227896868.jpg,thith-polanga,pimbura,0.2644,0.0356,mismatch
external/inaturalist/thith-polanga/141757505_242924676.jpg,thith-polanga,kunakatuwa,0.1979,0.1575,mismatch
external/inaturalist/thith-polanga/141757505_242924688.jpg,thith-polanga,pimbura,0.2296,0.1222,mismatch
external/inaturalist/thith-polanga/141757505_242924703.jpg,thith-polanga,mal-sara,0.1484,0.0101,mismatch
external/inaturalist/thith-polanga/141757505_242924716.jpg,thith-polanga,vayiri-dathkatiya,0.1990,0.0375,mismatch
external/inaturalist/thith-polanga/141757505_242924731.jpg,thith-polanga,alu-randanakaya,0.3153,0.0030,mismatch
external/inaturalist/thith-polanga/141757505_242924743.jpg,thith-polanga,arani-dathkatiya,0.3963,0.0037,mismatch
external/inaturalist/thith-polanga/147248271_253341846.jpg,thith-polanga,aharakukka,0.6841,0.0091,mismatch
external/inaturalist/thith-polanga/154220453_266451067.jpg,thith-polanga,tikiri-diyabariya,0.1855,0.0081,mismatch
external/inaturalist/thith-polanga/170833444_296362067.jpg,thith-polanga,alu-randanakaya,0.2096,0.0580,mismatch
external/inaturalist/thith-polanga/172981198_300359284.jpg,thith-polanga,mal-randanakaya,0.2720,0.0944,mismatch
external/inaturalist/thith-polanga/180113584_313686277.jpg,thith-polanga,kunakatuwa,0.2799,0.0685,mismatch
external/inaturalist/thith-polanga/180113584_313689667.jpg,thith-polanga,kunakatuwa,0.3667,0.0109,mismatch
external/inaturalist/thith-polanga/184271240_321628170.jpg,thith-polanga,arani-dathkatiya,0.1516,0.0102,mismatch
external/inaturalist/thith-polanga/186418382_325777172.jpg,thith-polanga,thith-polanga,0.4008,0.4008,
external/inaturalist/thith-polanga/186418382_325778450.jpg,thith-polanga,thith-polanga,0.8245,0.8245,
external/inaturalist/thith-polanga/186418382_325917117.jpg,thith-polanga,thith-polanga,0.4772,0.4772,
external/inaturalist/thith-polanga/186418382_325918001.jpg,thith-polanga,thith-polanga,0.1981,0.1981,
external/inaturalist/thith-polanga/189211946_331394502.jpg,thith-polanga,gata-randanakaya,0.3067,0.0629,mismatch
external/inaturalist/thith-polanga/193503291_339927423.jpg,thith-polanga,pimbura,0.2477,0.1085,mismatch
external/inaturalist/thith-polanga/193503291_339927940.jpg,thith-polanga,pimbura,0.4336,0.0431,mismatch
external/inaturalist/thith-polanga/195569177_344092685.jpg,thith-polanga,pimbura,0.3129,0.0221,mismatch
external/inaturalist/thith-polanga/198802875_350470225.jpg,thith-polanga,aharakukka,0.2675,0.0312,mismatch
external/inaturalist/thith-polanga/235477596_418791488.jpg,thith-polanga,kunakatuwa,0.1042,0.0416,mismatch
external/inaturalist/thith-polanga/238224377_424089249.jpg,thith-polanga,kana-ulla,0.1846,0.1755,mismatch
external/inaturalist/thith-polanga/238224377_424089271.jpg,thith-polanga,kana-ulla,0.1684,0.1104,mismatch
external/inaturalist/thith-polanga/239475333_426512330.jpg,thith-polanga,arani-dathkatiya,0.0988,0.0138,mismatch
external/inaturalist/thith-polanga/239475333_426512514.jpg,thith-polanga,vayiri-dathkatiya,0.1368,0.0149,mismatch
external/inaturalist/thith-polanga/241807376_431009444.jpg,thith-polanga,arani-dathkatiya,0.2096,0.0100,mismatch
external/inaturalist/thith-polanga/242047625_431473671.jpg,thith-polanga,thith-polanga,0.3600,0.3600,
external/inaturalist/thith-polanga/242047625_431473711.jpg,thith-polanga,thith-polanga,0.1789,0.1789,
external/inaturalist/thith-polanga/242402222_432155006.jpg,thith-polanga,arani-dathkatiya,0.1125,0.0056,mismatch
external/inaturalist/thith-polanga/244493843_436126615.jpg,thith-polanga,pimbura,0.3545,0.1453,mismatch
external/inaturalist/thith-polanga/244493843_436127327.jpg,thith-polanga,kunakatuwa,0.1582,0.0423,mismatch
external/inaturalist/thith-polanga/25090110_38830052.jpg,thith-polanga,thith-polanga,0.5983,0.5983,
external/inaturalist/thith-polanga/25090110_38830437.jpg,thith-polanga,thith-polanga,0.2804,0.2804,
external/inaturalist/thith-polanga/259435369_465713342.jpg,thith-polanga,depath-naya,0.1096,0.0866,mismatch
external/inaturalist/thith-polanga/259435369_465713381.jpg,thith-polanga,thith-polanga,0.3537,0.3537,
external/inaturalist/thith-polanga/260705689_468233576.jpg,thith-polanga,thel-karawala,0.4579,0.0116,mismatch
external/inaturalist/thith-polanga/260887370_468593959.jpg,thith-polanga,pimbura,0.2922,0.1510,mismatch
external/inaturalist/thith-polanga/263913616_474196165.jpg,thith-polanga,kunakatuwa,0.3466,0.0521,mismatch
external/inaturalist/thith-polanga/263913616_474196189.jpg,thith-polanga,thith-polanga,0.2304,0.2304,
external/inaturalist/thith-polanga/263913616_474196192.jpg,thith-polanga,vayiri-dathkatiya,0.5402,0.0173,mismatch
external/inaturalist/thith-polanga/267701807_481117003.jpg,thith-polanga,thith-polanga,0.1829,0.1829,
external/inaturalist/thith-polanga/267701807_481138724.jpg,thith-polanga,aharakukka,0.1375,0.0527,mismatch
external/inaturalist/thith-polanga/325933651_590213550.jpg,thith-polanga,depath-naya,0.2861,0.1552,mismatch
external/inaturalist/thith-polanga/32815328_51495644.jpg,thith-polanga,thith-polanga,0.6313,0.6313,
external/inaturalist/thith-polanga/335487237_609468134.jpg,thith-polanga,thith-polanga,0.8934,0.8934,
external/inaturalist/thith-polanga/339806761_618234119.jpg,thith-polanga,kandukara-mukalan-thelissa,0.2301,0.0016,mismatch
external/inaturalist/thith-polanga/339806761_618234155.jpg,thith-polanga,mudu-karawala,0.2659,0.0028,mismatch
external/inaturalist/thith-polanga/339806761_618234200.jpg,thith-polanga,aharakukka,0.1522,0.0814,mismatch
external/inaturalist/thith-polanga/339806761_618234230.jpg,thith-polanga,daara-randanakaya,0.1296,0.0034,mismatch
external/inaturalist/thith-polanga/339806761_618234262.jpg,thith-polanga,garandiya,0.2101,0.0105,mismatch
external/inaturalist/thith-polanga/339806761_618234283.jpg,thith-polanga,kandukara-mukalan-thelissa,0.2642,0.0054,mismatch
external/inaturalist/thith-polanga/339806761_618234326.jpg,thith-polanga,daara-randanakaya,0.2341,0.0059,mismatch
external/inaturalist/thith-polanga/341066074_620804348.jpg,thith-polanga,nidi-mapila,0.2877,0.0023,mismatch
external/inaturalist/thith-polanga/348061918_634729908.jpg,thith-polanga,thith-polanga,0.2271,0.2271,
external/inaturalist/thith-polanga/348061918_634729910.jpg,thith-polanga,aharakukka,0.2530,0.0375,mismatch
external/inaturalist/thith-polanga/350778567_640066369.jpg,thith-polanga,thith-polanga,0.7063,0.7063,
external/inaturalist/thith-polanga/367017707_670216524.jpg,thith-polanga,depath-naya,0.1882,0.1146,mismatch
external/inaturalist/thith-polanga/367017707_670274203.jpg,thith-polanga,aharakukka,0.3558,0.0311,mismatch
external/inaturalist/thith-polanga/37335686_59168291.jpg,thith-polanga,aharakukka,0.3527,0.0077,mismatch
external/inaturalist/thith-polanga/381287623_697652878.jpg,thith-polanga,vayiri-dathkatiya,0.2186,0.0025,mismatch
external/inaturalist/thith-polanga/382797968_700563203.jpg,thith-polanga,thith-polanga,0.2387,0.2387,
external/inaturalist/thith-polanga/90009408_148702909.jpg,thith-polanga,pimbura,0.3249,0.1902,mismatch
external/inaturalist/thith-polanga/90009408_148702927.jpg,thith-polanga,pimbura,0.3665,0.1116,mismatch
external/inaturalist/thith-polanga/90009408_148702952.jpg,thith-polanga,kunakatuwa,0.2330,0.1036,mismatch
external/inaturalist/thith-polanga/90009408_148702979.jpg,thith-polanga,alu-randanakaya,0.3101,0.1142,mismatch
external/inaturalist/thith-polanga/90009408_148702997.jpg,thith-polanga,pimbura,0.1932,0.0407,mismatch
external/inaturalist/thith-polanga/90009408_148703014.jpg,thith-polanga,pimbura,0.2336,0.0489,mismatch
external/inaturalist/thith-polanga/96700325_160687429.jpg,thith-polanga,thith-polanga,0.3891,0.3891,
